"","pcds"
"1","EX31 4SU"
"2","EX32 2GX"
"3","EX32 0JW"
"4","EX32 7BR"
"5","EX32 0NL"
"6","EX37 9EE"
"7","EX31 3UU"
"8","EX31 4AJ"
"9","EX32 2DX"
"10","EX32 7HJ"
"11","EX32 9JD"
"12","EX32 8QB"
"13","EX31 2PY"
"14","EX32 8BQ"
"15","EX32 9JL"
"16","EX37 9RX"
"17","EX31 2AL"
"18","EX32 7AB"
"19","EX31 2DQ"
"20","EX32 8DH"
"21","EX37 9ED"
"22","EX32 2DB"
"23","EX31 3AJ"
"24","EX31 3XQ"
"25","EX32 0DZ"
"26","EX31 4RX"
"27","EX32 7NE"
"28","EX31 3LA"
"29","EX32 8HR"
"30","EX32 7PF"
"31","EX37 9EB"
"32","EX31 3YX"
"33","EX32 0BR"
"34","EX31 1LH"
"35","EX31 3HY"
"36","EX32 8PY"
"37","EX32 8LJ"
"38","EX32 9YP"
"39","EX32 8RY"
"40","EX32 0PZ"
"41","EX32 7JN"
"42","EX31 3WE"
"43","EX31 2JY"
"44","EX31 3PH"
"45","EX31 1PN"
"46","EX32 9JR"
"47","EX32 9YJ"
"48","EX32 8PU"
"49","EX32 0DD"
"50","EX31 4RN"
"51","EX32 9EZ"
"52","EX31 4JU"
"53","EX31 3HN"
"54","EX31 3FN"
"55","EX31 2JH"
"56","EX31 4HA"
"57","EX32 9EN"
"58","EX31 2ZN"
"59","EX31 4NT"
"60","EX31 4RS"
"61","EX31 2BG"
"62","EX31 4TN"
"63","EX31 2WZ"
"64","EX31 3SQ"
"65","EX32 7JJ"
"66","EX31 4EA"
"67","EX31 2FG"
"68","EX31 3SP"
"69","EX31 2JA"
"70","EX32 8HX"
"71","EX32 0PG"
"72","EX32 9DP"
"73","EX32 8BR"
"74","EX32 0PT"
"75","EX32 8PZ"
"76","EX32 7JX"
"77","EX31 4LG"
"78","EX32 8YH"
"79","EX32 7NA"
"80","EX31 3RL"
"81","EX31 1YQ"
"82","EX31 2PP"
"83","EX31 2LE"
"84","EX31 1DF"
"85","EX32 2EY"
"86","EX32 9HG"
"87","EX32 7NS"
"88","EX32 8DP"
"89","EX31 4JF"
"90","EX31 2FA"
"91","EX31 1SH"
"92","EX31 3RA"
"93","EX31 3HW"
"94","EX32 9EE"
"95","EX31 4UZ"
"96","EX31 2LJ"
"97","EX32 8HT"
"98","EX32 9XN"
"99","EX32 7LR"
"100","EX37 9EB"
"101","EX32 7AB"
"102","EX32 7NR"
"103","EX32 0ND"
"104","EX32 2JB"
"105","EX31 1DQ"
"106","EX31 3AR"
"107","EX31 2AB"
"108","EX31 1WY"
"109","EX31 2ND"
"110","EX32 8GP"
"111","EX31 4DT"
"112","EX31 1RG"
"113","EX32 8ND"
"114","EX32 7BD"
"115","EX31 1ES"
"116","EX32 2SH"
"117","EX37 9EB"
"118","EX32 0WX"
"119","EX31 4HS"
"120","EX31 1NW"
"121","EX32 8DP"
"122","EX32 7ED"
"123","EX32 0AP"
"124","EX32 9FL"
"125","EX31 3JY"
"126","EX32 8PX"
"127","EX32 0AX"
"128","EX31 3YG"
"129","EX32 7DD"
"130","EX32 9FB"
"131","EX31 3UD"
"132","EX32 2SN"
"133","EX32 2AG"
"134","EX32 2ER"
"135","EX31 3ZQ"
"136","EX31 4DW"
"137","EX31 2HZ"
"138","EX32 7ZN"
"139","EX32 0BY"
"140","EX31 4NR"
"141","EX32 9BH"
"142","EX32 8JY"
"143","EX31 3AN"
"144","EX31 3SF"
"145","EX32 0YX"
"146","EX31 3GF"
"147","EX31 4FN"
"148","EX32 0LU"
"149","EX31 4JP"
"150","EX32 7DY"
"151","EX31 1RF"
"152","EX32 0BE"
"153","EX31 4EB"
"154","EX32 2SB"
"155","EX32 0BT"
"156","EX37 9ZN"
"157","EX32 2AQ"
"158","EX32 7JL"
"159","EX32 9YL"
"160","EX32 8HZ"
"161","EX31 1UE"
"162","EX31 1PY"
"163","EX31 3FG"
"164","EX32 8NR"
"165","EX32 0QT"
"166","EX32 8BZ"
"167","EX32 2DH"
"168","EX32 9BN"
"169","EX31 4ED"
"170","EX32 8YQ"
"171","EX31 4AN"
"172","EX31 4YH"
"173","EX31 4LP"
"174","EX32 9HE"
"175","EX31 4LB"
"176","EX32 8JB"
"177","EX32 9JQ"
"178","EX31 3WP"
"179","EX32 9AY"
"180","EX32 2SP"
"181","EX32 9FE"
"182","EX32 2GU"
"183","EX31 3WA"
"184","EX32 7BP"
"185","EX31 2HL"
"186","EX31 2EH"
"187","EX31 1TA"
"188","EX32 0BN"
"189","EX32 0EN"
"190","EX31 4AR"
"191","EX32 0LW"
"192","EX31 1BL"
"193","EX32 0YY"
"194","EX31 3XD"
"195","EX32 2AQ"
"196","EX31 3JT"
"197","EX32 2HZ"
"198","EX32 8RL"
"199","EX32 2ST"
"200","EX32 9JF"
"201","EX31 4AR"
"202","EX31 3BB"
"203","EX31 4UH"
"204","EX32 0JZ"
"205","EX31 3TU"
"206","EX31 4DS"
"207","EX31 2PZ"
"208","EX31 2ZX"
"209","EX32 8EU"
"210","EX32 2FD"
"211","EX31 3DL"
"212","EX31 1BZ"
"213","EX31 1RE"
"214","EX32 9YW"
"215","EX31 2BD"
"216","EX32 7JQ"
"217","EX31 2HE"
"218","EX32 7WX"
"219","EX31 1EY"
"220","EX32 8QW"
"221","EX32 7ND"
"222","EX31 1NG"
"223","EX32 7DL"
"224","EX32 2EW"
"225","EX31 4NJ"
"226","EX31 3UD"
"227","EX31 1EG"
"228","EX32 2SJ"
"229","EX31 3QR"
"230","EX31 1UF"
"231","EX32 0LH"
"232","EX31 1LT"
"233","EX31 2PB"
"234","EX31 1NW"
"235","EX31 2YS"
"236","EX32 7WA"
"237","EX32 9BS"
"238","EX32 0NT"
"239","EX31 3WN"
"240","EX32 9HH"
"241","EX32 0TT"
"242","EX32 7JX"
"243","EX31 1RW"
"244","EX31 1EN"
"245","EX32 7HA"
"246","EX32 9EZ"
"247","EX32 9AP"
"248","EX32 7EW"
"249","EX31 3PG"
"250","EX32 0BB"
"251","EX31 3EA"
"252","EX31 4SE"
"253","EX31 1QS"
"254","EX32 7BN"
"255","EX31 3HS"
"256","EX31 2DP"
"257","EX31 3HR"
"258","EX32 0DL"
"259","EX33 2ZX"
"260","EX31 2AX"
"261","EX32 7AR"
"262","EX32 9AF"
"263","EX32 7ER"
"264","EX31 4SH"
"265","EX31 1AB"
"266","EX31 4SF"
"267","EX32 7RE"
"268","EX31 3YN"
"269","EX32 7DY"
"270","EX31 3FX"
"271","EX32 8EZ"
"272","EX31 3RX"
"273","EX31 1TD"
"274","EX32 7YN"
"275","EX32 0JR"
"276","EX32 0HN"
"277","EX32 8JJ"
"278","EX31 1HB"
"279","EX31 1YH"
"280","EX32 2TF"
"281","EX31 2YX"
"282","EX32 8EJ"
"283","EX32 7RB"
"284","EX31 3UN"
"285","EX32 9BD"
"286","EX31 2NL"
"287","EX31 2HE"
"288","EX31 2NW"
"289","EX32 0LP"
"290","EX32 0RA"
"291","EX32 9BN"
"292","EX32 7HX"
"293","EX31 2LA"
"294","EX31 3AB"
"295","EX31 1PD"
"296","EX31 4AH"
"297","EX32 9BE"
"298","EX32 7JE"
"299","EX32 8JT"
"300","EX32 8LX"
"301","EX31 2YU"
"302","EX31 2QB"
"303","EX31 2JW"
"304","EX31 3HR"
"305","EX32 0HE"
"306","EX32 9JX"
"307","EX31 1RE"
"308","EX31 1UD"
"309","EX31 3SD"
"310","EX31 4YX"
"311","EX31 3YP"
"312","EX31 2DP"
"313","EX32 8ZN"
"314","EX31 1XL"
"315","EX31 3EA"
"316","EX32 8LQ"
"317","EX32 7AR"
"318","EX31 2HB"
"319","EX32 2BD"
"320","EX31 3EA"
"321","EX32 0EE"
"322","EX31 3BJ"
"323","EX31 2JF"
"324","EX31 1BZ"
"325","EX31 1RR"
"326","EX31 3DE"
"327","EX31 2HS"
"328","EX31 3LG"
"329","EX31 3WJ"
"330","EX32 0QX"
"331","EX32 8AL"
"332","EX32 8NU"
"333","EX31 1DF"
"334","EX32 7AN"
"335","EX31 4EQ"
"336","EX32 0FA"
"337","EX32 8WX"
"338","EX32 9HL"
"339","EX31 1PR"
"340","EX31 4DT"
"341","EX31 2JF"
"342","EX37 9ZN"
"343","EX31 1LY"
"344","EX31 1BE"
"345","EX32 0ED"
"346","EX31 3SW"
"347","EX32 8XJ"
"348","EX31 2AD"
"349","EX32 9BZ"
"350","EX31 1TR"
"351","EX31 3HD"
"352","EX32 2BJ"
"353","EX31 4YL"
"354","EX32 8JL"
"355","EX31 2LA"
"356","EX32 9LH"
"357","EX31 3RG"
"358","EX31 4NT"
"359","EX31 3JX"
"360","EX32 0EU"
"361","EX31 2LR"
"362","EX31 2PF"
"363","EX32 0YU"
"364","EX32 8HY"
"365","EX31 3BG"
"366","EX32 9AR"
"367","EX31 3AH"
"368","EX32 9DR"
"369","EX31 2HX"
"370","EX31 2LJ"
"371","EX32 8WW"
"372","EX31 1YS"
"373","EX31 2BD"
"374","EX31 1JX"
"375","EX32 9BR"
"376","EX32 0PB"
"377","EX31 1SY"
"378","EX32 7DH"
"379","EX31 2FA"
"380","EX31 1AJ"
"381","EX32 7BP"
"382","EX32 8LT"
"383","EX37 9RX"
"384","EX32 8NX"
"385","EX33 2YT"
"386","EX31 3SU"
"387","EX31 4LZ"
"388","EX32 2SS"
"389","EX31 3TG"
"390","EX32 2FT"
"391","EX32 7AE"
"392","EX31 1RR"
"393","EX32 8QD"
"394","EX31 3UX"
"395","EX31 1GL"
"396","EX31 4HY"
"397","EX32 0DL"
"398","EX31 3NZ"
"399","EX31 2JP"
"400","EX31 4HP"
"401","EX32 7JD"
"402","EX32 9ZU"
"403","EX31 4TZ"
"404","EX32 0NP"
"405","EX32 7ET"
"406","EX31 2ER"
"407","EX31 3JD"
"408","EX31 1TS"
"409","EX31 4UB"
"410","EX31 1JU"
"411","EX31 1BS"
"412","EX31 3WA"
"413","EX31 3BP"
"414","EX32 8NG"
"415","EX31 3RR"
"416","EX32 9DH"
"417","EX32 2SP"
"418","EX32 2EW"
"419","EX32 7AT"
"420","EX31 3EU"
"421","EX31 4HB"
"422","EX31 1DG"
"423","EX31 3SH"
"424","EX31 4AR"
"425","EX31 1BX"
"426","EX32 8YZ"
"427","EX32 8BN"
"428","EX31 4NN"
"429","EX31 1LX"
"430","EX32 2HX"
"431","EX32 2SX"
"432","EX31 3YF"
"433","EX31 3QY"
"434","EX31 3WL"
"435","EX31 2EF"
"436","EX31 1RP"
"437","EX32 7DL"
"438","EX31 1QH"
"439","EX32 9DG"
"440","EX31 2JF"
"441","EX31 2JZ"
"442","EX31 2JE"
"443","EX32 7JB"
"444","EX31 1HX"
"445","EX32 0WD"
"446","EX32 8LY"
"447","EX32 0PR"
"448","EX31 4LD"
"449","EX31 1LG"
"450","EX32 8RJ"
"451","EX31 1RH"
"452","EX32 2AX"
"453","EX32 9FN"
"454","EX32 0YS"
"455","EX32 7RA"
"456","EX32 9BJ"
"457","EX32 0HW"
"458","EX32 0NJ"
"459","EX32 2FR"
"460","EX32 2SJ"
"461","EX32 2EN"
"462","EX31 3YY"
"463","EX32 2BH"
"464","EX32 0UD"
"465","EX31 1JJ"
"466","EX32 0HN"
"467","EX31 1NQ"
"468","EX32 7SB"
"469","EX32 2AN"
"470","EX32 0FH"
"471","EX31 3NU"
"472","EX32 8TA"
"473","EX32 0EB"
"474","EX31 1PH"
"475","EX32 7JJ"
"476","EX32 0QY"
"477","EX31 2AL"
"478","EX32 0BL"
"479","EX32 9HY"
"480","EX31 1HF"
"481","EX31 4FQ"
"482","EX32 2AS"
"483","EX31 2QA"
"484","EX31 1YJ"
"485","EX33 2WA"
"486","EX32 0TL"
"487","EX32 2HH"
"488","EX32 2JA"
"489","EX31 1ER"
"490","EX31 3NU"
"491","EX31 2EL"
"492","EX31 4HH"
"493","EX31 4NN"
"494","EX31 1SG"
"495","EX32 2GA"
"496","EX31 1XR"
"497","EX31 2BP"
"498","EX31 3XN"
"499","EX31 3QT"
"500","EX31 3ED"
"501","EX31 3DS"
"502","EX31 3RY"
"503","EX31 2LW"
"504","EX32 0AS"
"505","EX32 7RJ"
"506","EX32 0PQ"
"507","EX32 8JW"
"508","EX31 3BE"
"509","EX31 2JY"
"510","EX31 3NS"
"511","EX32 7LX"
"512","EX31 3ZQ"
"513","EX32 8DG"
"514","EX32 0HW"
"515","EX32 7EN"
"516","EX31 1QR"
"517","EX32 0JP"
"518","EX31 2LF"
"519","EX32 9BS"
"520","EX32 2BT"
"521","EX32 2BQ"
"522","EX32 9AJ"
"523","EX32 8JE"
"524","EX32 0RA"
"525","EX31 1PU"
"526","EX31 2PT"
"527","EX31 1BS"
"528","EX32 7LW"
"529","EX31 1NF"
"530","EX32 2HL"
"531","EX31 3GU"
"532","EX32 8LB"
"533","EX32 0DL"
"534","EX31 2EL"
"535","EX31 4FA"
"536","EX32 9FE"
"537","EX31 2PL"
"538","EX32 7EZ"
"539","EX31 1ND"
"540","EX32 0UE"
"541","EX32 2BB"
"542","EX31 4JD"
"543","EX32 9LG"
"544","EX31 3EH"
"545","EX33 2ZX"
"546","EX31 4YQ"
"547","EX32 7DD"
"548","EX32 8DG"
"549","EX31 3SR"
"550","EX33 1ZN"
"551","EX32 0DY"
"552","EX31 1RA"
"553","EX33 2YP"
"554","EX32 8DZ"
"555","EX31 3HH"
"556","EX32 8AW"
"557","EX32 2AE"
"558","EX32 8GW"
"559","EX32 0BA"
"560","EX32 8HH"
"561","EX32 2JB"
"562","EX31 1TB"
"563","EX33 2WA"
"564","EX32 9EW"
"565","EX31 3EU"
"566","EX32 8DN"
"567","EX32 9DF"
"568","EX32 7JF"
"569","EX31 1JL"
"570","EX32 8ZN"
"571","EX32 9HW"
"572","EX32 9YT"
"573","EX32 9FB"
"574","EX32 2BT"
"575","EX31 3JW"
"576","EX32 7DX"
"577","EX32 7JT"
"578","EX32 0DY"
"579","EX31 1TG"
"580","EX32 0AP"
"581","EX32 2TH"
"582","EX32 8DZ"
"583","EX32 0RB"
"584","EX31 1TN"
"585","EX31 4UQ"
"586","EX37 9SB"
"587","EX31 3YH"
"588","EX32 2SD"
"589","EX31 3BH"
"590","EX31 4SN"
"591","EX32 9FN"
"592","EX31 1WW"
"593","EX31 1UA"
"594","EX32 8NJ"
"595","EX31 1XQ"
"596","EX32 0BR"
"597","EX31 1GB"
"598","EX31 2PX"
"599","EX31 1DX"
"600","EX32 9AU"
"601","EX31 1TU"
"602","EX37 9ZN"
"603","EX32 7BJ"
"604","EX32 0ND"
"605","EX32 2EG"
"606","EX31 1QG"
"607","EX31 3PA"
"608","EX31 1PU"
"609","EX31 2NY"
"610","EX32 8DQ"
"611","EX32 7LT"
"612","EX31 4HR"
"613","EX31 3FN"
"614","EX32 9DL"
"615","EX32 8QJ"
"616","EX31 3XQ"
"617","EX32 7JR"
"618","EX32 0PS"
"619","EX32 0DG"
"620","EX31 2AD"
"621","EX31 2JB"
"622","EX32 0QS"
"623","EX31 1PP"
"624","EX31 1BX"
"625","EX32 8PF"
"626","EX32 0YJ"
"627","EX31 1SA"
"628","EX31 3DA"
"629","EX31 1TG"
"630","EX31 2ET"
"631","EX31 4ZX"
"632","EX31 1AQ"
"633","EX32 7FY"
"634","EX32 7NL"
"635","EX31 4AH"
"636","EX31 2JR"
"637","EX32 8QX"
"638","EX32 9BX"
"639","EX31 4LE"
"640","EX31 4UB"
"641","EX33 2WA"
"642","EX31 2XJ"
"643","EX31 1ZG"
"644","EX31 4HA"
"645","EX31 3YS"
"646","EX32 9DG"
"647","EX32 8PY"
"648","EX31 4WX"
"649","EX31 2HP"
"650","EX31 2HR"
"651","EX32 0WX"
"652","EX31 4LP"
"653","EX31 4JH"
"654","EX32 8NP"
"655","EX31 4AD"
"656","EX31 1YH"
"657","EX31 2SN"
"658","EX31 4EZ"
"659","EX32 2DN"
"660","EX31 1TA"
"661","EX31 1YG"
"662","EX32 8AQ"
"663","EX32 0BY"
"664","EX32 8LZ"
"665","EX32 2FP"
"666","EX32 9BT"
"667","EX31 2YU"
"668","EX32 2GQ"
"669","EX31 4AN"
"670","EX32 7XP"
"671","EX31 1XQ"
"672","EX32 9JR"
"673","EX31 3SW"
"674","EX32 2JA"
"675","EX32 9DS"
"676","EX31 2BP"
"677","EX32 8AU"
"678","EX31 4RH"
"679","EX31 3PA"
"680","EX31 3GX"
"681","EX32 8NU"
"682","EX32 9AT"
"683","EX31 3FQ"
"684","EX31 3WZ"
"685","EX34 9RQ"
"686","EX31 2NE"
"687","EX32 0UA"
"688","EX32 2GS"
"689","EX31 1XZ"
"690","EX32 8EE"
"691","EX31 2AD"
"692","EX31 4HZ"
"693","EX32 0AW"
"694","EX32 8HS"
"695","EX32 9YR"
"696","EX31 1TA"
"697","EX32 7YH"
"698","EX31 1TE"
"699","EX32 7DE"
"700","EX32 0BJ"
"701","EX31 1NA"
"702","EX32 9BW"
"703","EX32 8DS"
"704","EX32 7EW"
"705","EX32 0BN"
"706","EX32 8DW"
"707","EX31 1GF"
"708","EX31 3EB"
"709","EX31 3RA"
"710","EX31 1DX"
"711","EX32 0BT"
"712","EX32 8BT"
"713","EX32 2DE"
"714","EX31 4YG"
"715","EX31 3BJ"
"716","EX32 7WA"
"717","EX31 2BL"
"718","EX32 8DA"
"719","EX31 2AR"
"720","EX31 1QG"
"721","EX32 0PZ"
"722","EX31 3DY"
"723","EX32 0AN"
"724","EX32 7JP"
"725","EX31 1JQ"
"726","EX31 4UF"
"727","EX32 0JN"
"728","EX32 0AW"
"729","EX32 2HB"
"730","EX32 0AB"
"731","EX31 4HE"
"732","EX32 9BY"
"733","EX31 4RR"
"734","EX31 1JN"
"735","EX32 9EN"
"736","EX32 2GL"
"737","EX32 8HD"
"738","EX31 3WQ"
"739","EX32 9YU"
"740","EX32 9EB"
"741","EX32 7AW"
"742","EX32 8PR"
"743","EX32 8JD"
"744","EX31 3SJ"
"745","EX32 2BL"
"746","EX31 4AN"
"747","EX31 3NR"
"748","EX32 2EY"
"749","EX31 4NB"
"750","EX31 3HD"
"751","EX31 4DT"
"752","EX32 7EH"
"753","EX31 4LN"
"754","EX32 0DA"
"755","EX31 1LL"
"756","EX31 1BB"
"757","EX31 1DA"
"758","EX32 8NG"
"759","EX31 1AB"
"760","EX31 3EQ"
"761","EX31 1HU"
"762","EX31 4JE"
"763","EX31 4ES"
"764","EX31 3DA"
"765","EX32 9YP"
"766","EX31 3UG"
"767","EX31 1PS"
"768","EX32 0BJ"
"769","EX32 7NT"
"770","EX32 7AH"
"771","EX32 7YY"
"772","EX31 1ER"
"773","EX31 3QQ"
"774","EX32 8AH"
"775","EX31 2EW"
"776","EX32 7HL"
"777","EX31 3WD"
"778","EX32 9DA"
"779","EX32 9LB"
"780","EX32 7JZ"
"781","EX37 9RH"
"782","EX32 0NF"
"783","EX31 2JX"
"784","EX31 1BA"
"785","EX31 1YP"
"786","EX32 0PS"
"787","EX32 9FP"
"788","EX32 7JW"
"789","EX32 7JP"
"790","EX32 0AT"
"791","EX32 9AJ"
"792","EX31 1JX"
"793","EX32 8QN"
"794","EX31 4HG"
"795","EX31 4TT"
"796","EX32 0DG"
"797","EX31 2AR"
"798","EX32 8SA"
"799","EX32 0LY"
"800","EX32 8HJ"
"801","EX32 8DL"
"802","EX32 2DD"
"803","EX37 9RY"
"804","EX32 7EA"
"805","EX32 7PG"
"806","EX32 8WF"
"807","EX32 9BN"
"808","EX32 8WX"
"809","EX32 8AN"
"810","EX33 2ZW"
"811","EX31 2YY"
"812","EX31 3YB"
"813","EX32 7JY"
"814","EX31 3FZ"
"815","EX31 4SR"
"816","EX31 1TB"
"817","EX32 9JH"
"818","EX32 8BB"
"819","EX31 4LF"
"820","EX31 4RR"
"821","EX31 4YW"
"822","EX32 0QR"
"823","EX37 9RJ"
"824","EX31 2AQ"
"825","EX31 3EN"
"826","EX31 2DQ"
"827","EX31 4FB"
"828","EX32 0DD"
"829","EX32 8PY"
"830","EX32 0JJ"
"831","EX32 8DN"
"832","EX31 2JN"
"833","EX32 2GT"
"834","EX32 8BQ"
"835","EX32 8RE"
"836","EX31 2BA"
"837","EX32 7JT"
"838","EX31 3FR"
"839","EX32 9HY"
"840","EX31 4HR"
"841","EX32 7NU"
"842","EX32 8LL"
"843","EX31 1LT"
"844","EX31 2HE"
"845","EX31 3EE"
"846","EX31 1UD"
"847","EX31 1PF"
"848","EX31 2JX"
"849","EX31 4SS"
"850","EX32 8AE"
"851","EX31 2EN"
"852","EX31 3TY"
"853","EX32 7AS"
"854","EX31 3AP"
"855","EX31 4NT"
"856","EX31 3ED"
"857","EX31 1EY"
"858","EX31 3UG"
"859","EX31 4TF"
"860","EX32 0BD"
"861","EX31 2ZX"
"862","EX32 7HR"
"863","EX31 3NS"
"864","EX32 7HY"
"865","EX32 0AD"
"866","EX32 0LX"
"867","EX32 9BS"
"868","EX31 1JA"
"869","EX32 0NT"
"870","EX32 2TH"
"871","EX32 7HA"
"872","EX31 3XT"
"873","EX31 4AB"
"874","EX31 1DP"
"875","EX31 1RH"
"876","EX32 8WW"
"877","EX32 7BX"
"878","EX32 2BT"
"879","EX32 0EF"
"880","EX31 1HQ"
"881","EX32 8WB"
"882","EX32 0AJ"
"883","EX31 1HR"
"884","EX31 3EP"
"885","EX31 4JP"
"886","EX32 8PJ"
"887","EX31 1QE"
"888","EX32 9DY"
"889","EX32 8PG"
"890","EX32 0WY"
"891","EX31 3YU"
"892","EX31 3FL"
"893","EX32 2SA"
"894","EX32 0DS"
"895","EX32 0BU"
"896","EX32 9HU"
"897","EX31 3GS"
"898","EX31 4ER"
"899","EX32 8YX"
"900","EX31 3YU"
"901","EX31 4AA"
"902","EX32 2AS"
"903","EX31 4SW"
"904","EX31 2PF"
"905","EX31 1DQ"
"906","EX32 8WE"
"907","EX31 1LS"
"908","EX31 4UH"
"909","EX32 7BG"
"910","EX32 9LP"
"911","EX32 9YJ"
"912","EX32 7AR"
"913","EX32 7ZN"
"914","EX32 2BS"
"915","EX32 8DA"
"916","EX32 0FB"
"917","EX31 3DY"
"918","EX31 3FP"
"919","EX32 8JS"
"920","EX32 8GW"
"921","EX31 3BP"
"922","EX32 7RG"
"923","EX31 2LA"
"924","EX31 3JP"
"925","EX32 9YY"
"926","EX31 3EW"
"927","EX31 4TZ"
"928","EX31 2NQ"
"929","EX31 2YA"
"930","EX31 4NS"
"931","EX31 4AN"
"932","EX31 2NN"
"933","EX32 0NQ"
"934","EX31 3DG"
"935","EX32 0BY"
"936","EX32 0UH"
"937","EX31 1LT"
"938","EX32 8NX"
"939","EX31 2NL"
"940","EX32 8HW"
"941","EX31 3XR"
"942","EX32 0JY"
"943","EX32 7JZ"
"944","EX31 4JX"
"945","EX31 1JA"
"946","EX31 4JR"
"947","EX32 7JW"
"948","EX31 3YH"
"949","EX32 8LH"
"950","EX32 0AW"
"951","EX31 1UQ"
"952","EX31 4AH"
"953","EX31 3UY"
"954","EX31 4NJ"
"955","EX32 7LL"
"956","EX32 7YU"
"957","EX31 2BB"
"958","EX32 9JE"
"959","EX31 3PA"
"960","EX31 1HP"
"961","EX31 4JH"
"962","EX31 1QT"
"963","EX31 3DA"
"964","EX32 9DP"
"965","EX31 2EN"
"966","EX32 8FA"
"967","EX32 0AR"
"968","EX32 0WD"
"969","EX32 7BW"
"970","EX31 1LF"
"971","EX32 7HJ"
"972","EX32 8HW"
"973","EX31 1LE"
"974","EX31 2EA"
"975","EX31 1GB"
"976","EX31 1LA"
"977","EX31 3YT"
"978","EX31 3JY"
"979","EX33 1YJ"
"980","EX31 2BS"
"981","EX31 2QB"
"982","EX31 1UA"
"983","EX31 4ES"
"984","EX31 3SP"
"985","EX32 8HJ"
"986","EX32 8JB"
"987","EX31 1RH"
"988","EX32 8NJ"
"989","EX32 0JG"
"990","EX32 2HY"
"991","EX31 3ES"
"992","EX31 2FG"
"993","EX31 4LJ"
"994","EX32 2DJ"
"995","EX32 0DE"
"996","EX31 1DP"
"997","EX31 3HB"
"998","EX31 3AZ"
"999","EX32 8HU"
"1000","EX31 1NF"
"1001","EX31 1UD"
"1002","EX32 8PY"
"1003","EX32 9JY"
"1004","EX31 1JS"
"1005","EX31 2JZ"
"1006","EX32 0JP"
"1007","EX31 1NB"
"1008","EX31 2HT"
"1009","EX31 3GD"
"1010","EX32 7XN"
"1011","EX31 2HF"
"1012","EX32 7RJ"
"1013","EX32 8HT"
"1014","EX31 1JG"
"1015","EX31 3ER"
"1016","EX31 3ZQ"
"1017","EX32 2SG"
"1018","EX32 8AG"
"1019","EX31 3WZ"
"1020","EX32 2AR"
"1021","EX31 2HL"
"1022","EX31 1GY"
"1023","EX31 1BG"
"1024","EX32 9DE"
"1025","EX32 8FF"
"1026","EX32 2ES"
"1027","EX32 7EP"
"1028","EX31 1QB"
"1029","EX31 3YX"
"1030","EX32 9BL"
"1031","EX32 0DN"
"1032","EX32 0UE"
"1033","EX31 3AE"
"1034","EX33 2YT"
"1035","EX31 1EN"
"1036","EX37 9RW"
"1037","EX31 3AN"
"1038","EX31 2DY"
"1039","EX31 3AQ"
"1040","EX32 7AW"
"1041","EX32 8LS"
"1042","EX31 1SJ"
"1043","EX32 9TJ"
"1044","EX32 8HB"
"1045","EX32 8PU"
"1046","EX31 3DL"
"1047","EX31 1UJ"
"1048","EX32 7YJ"
"1049","EX32 9LH"
"1050","EX31 2NW"
"1051","EX31 4TB"
"1052","EX32 8PL"
"1053","EX31 3GY"
"1054","EX31 4NQ"
"1055","EX31 3BR"
"1056","EX31 2PJ"
"1057","EX32 9LD"
"1058","EX32 8BY"
"1059","EX32 2AF"
"1060","EX31 4NG"
"1061","EX31 4TE"
"1062","EX32 2BT"
"1063","EX32 0DY"
"1064","EX32 7YH"
"1065","EX32 9DN"
"1066","EX32 2FH"
"1067","EX31 2YA"
"1068","EX31 1YD"
"1069","EX33 2WZ"
"1070","EX32 0BA"
"1071","EX32 8LT"
"1072","EX32 7LB"
"1073","EX32 2EX"
"1074","EX32 2DR"
"1075","EX32 8NX"
"1076","EX31 4WD"
"1077","EX31 1UL"
"1078","EX31 4TF"
"1079","EX31 1BZ"
"1080","EX32 8HX"
"1081","EX32 9BW"
"1082","EX32 7EZ"
"1083","EX31 1RW"
"1084","EX32 2DU"
"1085","EX32 0DP"
"1086","EX32 9LG"
"1087","EX32 0DU"
"1088","EX32 7YJ"
"1089","EX31 3AZ"
"1090","EX31 4DZ"
"1091","EX32 8HG"
"1092","EX32 9LJ"
"1093","EX31 1HN"
"1094","EX32 0ND"
"1095","EX32 2GN"
"1096","EX31 1UL"
"1097","EX32 8NQ"
"1098","EX31 3RP"
"1099","EX32 7LU"
"1100","EX31 4EB"
"1101","EX32 0EE"
"1102","EX31 2YL"
"1103","EX32 0LP"
"1104","EX33 2YX"
"1105","EX31 3EJ"
"1106","EX31 3UA"
"1107","EX31 3EQ"
"1108","EX31 2DF"
"1109","EX31 3AW"
"1110","EX31 3EG"
"1111","EX31 3QG"
"1112","EX31 2PG"
"1113","EX31 1ZD"
"1114","EX32 2DY"
"1115","EX32 9EW"
"1116","EX32 2ER"
"1117","EX32 2GS"
"1118","EX31 1QT"
"1119","EX31 3FN"
"1120","EX31 3TN"
"1121","EX32 0EL"
"1122","EX31 4NZ"
"1123","EX31 2JN"
"1124","EX31 1NW"
"1125","EX32 9YU"
"1126","EX32 8JF"
"1127","EX31 3ZQ"
"1128","EX31 3SS"
"1129","EX31 2PR"
"1130","EX31 3FD"
"1131","EX31 4ST"
"1132","EX32 0HS"
"1133","EX31 1UL"
"1134","EX31 2PE"
"1135","EX31 1JH"
"1136","EX32 8EY"
"1137","EX31 3PB"
"1138","EX32 8QN"
"1139","EX37 9SB"
"1140","EX31 4JP"
"1141","EX32 7BW"
"1142","EX31 3EN"
"1143","EX31 2LQ"
"1144","EX32 7NA"
"1145","EX31 4EF"
"1146","EX31 3WF"
"1147","EX32 8FE"
"1148","EX32 2DQ"
"1149","EX31 4AH"
"1150","EX31 1UF"
"1151","EX31 4DX"
"1152","EX31 3BH"
"1153","EX31 2LT"
"1154","EX32 8EX"
"1155","EX31 3FR"
"1156","EX32 2AR"
"1157","EX32 0DD"
"1158","EX31 3EB"
"1159","EX32 7HN"
"1160","EX31 3BZ"
"1161","EX32 7RB"
"1162","EX32 9HW"
"1163","EX32 9EW"
"1164","EX31 1JJ"
"1165","EX31 2NS"
"1166","EX32 0ND"
"1167","EX32 7BH"
"1168","EX32 0PR"
"1169","EX31 3NN"
"1170","EX31 1YN"
"1171","EX32 7YW"
"1172","EX31 4YH"
"1173","EX31 3LG"
"1174","EX32 7DG"
"1175","EX31 1SH"
"1176","EX32 2GN"
"1177","EX32 7BP"
"1178","EX31 2BE"
"1179","EX31 3PB"
"1180","EX32 2SN"
"1181","EX32 0FB"
"1182","EX31 3XW"
"1183","EX31 4TE"
"1184","EX31 3UP"
"1185","EX32 9DE"
"1186","EX32 2HY"
"1187","EX31 1WX"
"1188","EX31 2AT"
"1189","EX32 0EN"
"1190","EX32 2EE"
"1191","EX32 7JZ"
"1192","EX32 8PN"
"1193","EX32 9PF"
"1194","EX32 8XJ"
"1195","EX32 0YN"
"1196","EX32 9BN"
"1197","EX31 1PZ"
"1198","EX32 2EJ"
"1199","EX32 8ZN"
"1200","EX32 2SA"
"1201","EX32 7XP"
"1202","EX31 3GZ"
"1203","EX32 2DH"
"1204","EX32 7DN"
"1205","EX31 2EP"
"1206","EX31 1HL"
"1207","EX32 7ND"
"1208","EX31 2FF"
"1209","EX31 4NS"
"1210","EX33 2WA"
"1211","EX31 3GY"
"1212","EX32 8PR"
"1213","EX32 8NW"
"1214","EX31 1JU"
"1215","EX32 0JX"
"1216","EX32 2EL"
"1217","EX32 2DE"
"1218","EX32 7YQ"
"1219","EX32 7YY"
"1220","EX32 0LZ"
"1221","EX32 9HU"
"1222","EX31 3DA"
"1223","EX32 0PZ"
"1224","EX32 9DB"
"1225","EX31 4YF"
"1226","EX31 4EU"
"1227","EX31 2PA"
"1228","EX32 2ED"
"1229","EX31 1QN"
"1230","EX31 4UA"
"1231","EX31 1XJ"
"1232","EX32 0AJ"
"1233","EX31 3LQ"
"1234","EX32 0NY"
"1235","EX31 1BZ"
"1236","EX31 3WL"
"1237","EX31 4JP"
"1238","EX32 8LP"
"1239","EX32 0PE"
"1240","EX31 4NA"
"1241","EX32 8LH"
"1242","EX32 8DZ"
"1243","EX31 4DX"
"1244","EX31 1UL"
"1245","EX31 3EL"
"1246","EX31 4HE"
"1247","EX31 2FG"
"1248","EX31 1NE"
"1249","EX31 1HJ"
"1250","EX31 3FP"
"1251","EX31 3FR"
"1252","EX31 2HG"
"1253","EX31 1BJ"
"1254","EX32 7NS"
"1255","EX31 4SG"
"1256","EX31 2DY"
"1257","EX32 9DX"
"1258","EX32 9YR"
"1259","EX31 2NU"
"1260","EX32 2AP"
"1261","EX31 1GB"
"1262","EX31 1RA"
"1263","EX32 2AW"
"1264","EX31 1LX"
"1265","EX31 4DP"
"1266","EX31 4YR"
"1267","EX31 2DS"
"1268","EX32 8PQ"
"1269","EX31 2HD"
"1270","EX31 1BQ"
"1271","EX31 1ST"
"1272","EX32 0HF"
"1273","EX31 2JP"
"1274","EX32 9DS"
"1275","EX31 3BP"
"1276","EX32 9BU"
"1277","EX31 4AQ"
"1278","EX31 1SY"
"1279","EX32 8AJ"
"1280","EX31 4LB"
"1281","EX31 2QB"
"1282","EX31 4UZ"
"1283","EX32 2AA"
"1284","EX32 0BX"
"1285","EX32 0YU"
"1286","EX32 0LG"
"1287","EX31 3NW"
"1288","EX32 2ED"
"1289","EX31 3GE"
"1290","EX32 8PT"
"1291","EX31 2NP"
"1292","EX32 7JB"
"1293","EX31 2AA"
"1294","EX31 4RP"
"1295","EX31 3NL"
"1296","EX32 8QQ"
"1297","EX32 0HE"
"1298","EX32 2BG"
"1299","EX32 0PZ"
"1300","EX32 8EH"
"1301","EX31 2AG"
"1302","EX31 4NG"
"1303","EX32 0QA"
"1304","EX32 9DE"
"1305","EX31 1JU"
"1306","EX33 1YJ"
"1307","EX31 2AH"
"1308","EX32 8JU"
"1309","EX32 0AS"
"1310","EX32 9PG"
"1311","EX31 2HU"
"1312","EX32 8HJ"
"1313","EX31 1YJ"
"1314","EX32 7RJ"
"1315","EX32 2GH"
"1316","EX32 7EW"
"1317","EX31 2DS"
"1318","EX32 2DX"
"1319","EX31 4AG"
"1320","EX31 2BX"
"1321","EX31 3SS"
"1322","EX32 8JL"
"1323","EX31 1AJ"
"1324","EX31 3BL"
"1325","EX31 2NB"
"1326","EX32 2EL"
"1327","EX31 2AE"
"1328","EX31 4EN"
"1329","EX31 3JY"
"1330","EX31 1UJ"
"1331","EX31 3EZ"
"1332","EX31 2AJ"
"1333","EX31 1AJ"
"1334","EX32 0JJ"
"1335","EX31 4YN"
"1336","EX31 4AP"
"1337","EX32 8AD"
"1338","EX32 2SE"
"1339","EX32 0DG"
"1340","EX31 3YD"
"1341","EX31 1JE"
"1342","EX32 8PL"
"1343","EX32 8XN"
"1344","EX32 7NL"
"1345","EX32 0AN"
"1346","EX32 8AJ"
"1347","EX32 9LE"
"1348","EX31 1RB"
"1349","EX31 2PU"
"1350","EX31 2ET"
"1351","EX32 9DJ"
"1352","EX32 9YJ"
"1353","EX31 3XW"
"1354","EX31 1DR"
"1355","EX32 8JH"
"1356","EX31 1BN"
"1357","EX31 4ET"
"1358","EX31 4ZN"
"1359","EX32 8PA"
"1360","EX32 2SJ"
"1361","EX32 9TJ"
"1362","EX31 3JZ"
"1363","EX31 3BP"
"1364","EX32 0JL"
"1365","EX31 3SG"
"1366","EX31 4HP"
"1367","EX31 4AT"
"1368","EX32 9DG"
"1369","EX31 2PT"
"1370","EX31 3HU"
"1371","EX32 0EX"
"1372","EX32 2AA"
"1373","EX31 4HU"
"1374","EX32 7EZ"
"1375","EX32 0AT"
"1376","EX31 4NX"
"1377","EX32 2AU"
"1378","EX32 2DA"
"1379","EX32 0LB"
"1380","EX31 3YY"
"1381","EX32 2BY"
"1382","EX37 9SA"
"1383","EX31 1RR"
"1384","EX32 0ND"
"1385","EX32 2BG"
"1386","EX32 9HL"
"1387","EX32 9FJ"
"1388","EX31 4SY"
"1389","EX32 9PA"
"1390","EX32 0JD"
"1391","EX32 9YH"
"1392","EX32 2TA"
"1393","EX31 4AA"
"1394","EX33 1YN"
"1395","EX31 2LJ"
"1396","EX31 2BH"
"1397","EX37 9RZ"
"1398","EX32 7HA"
"1399","EX31 1ST"
"1400","EX31 2EB"
"1401","EX31 4XZ"
"1402","EX31 3SE"
"1403","EX32 2TJ"
"1404","EX31 2QE"
"1405","EX32 9BW"
"1406","EX31 2BG"
"1407","EX31 1DX"
"1408","EX32 8EE"
"1409","EX32 2HG"
"1410","EX31 3SE"
"1411","EX31 4LN"
"1412","EX31 3GX"
"1413","EX31 4NT"
"1414","EX31 3WP"
"1415","EX32 8AG"
"1416","EX32 2AQ"
"1417","EX32 0EP"
"1418","EX32 0WE"
"1419","EX31 2PH"
"1420","EX31 2NB"
"1421","EX33 2WY"
"1422","EX31 3HS"
"1423","EX32 8NZ"
"1424","EX32 2AB"
"1425","EX31 4TJ"
"1426","EX31 1QD"
"1427","EX31 2NX"
"1428","EX31 4SW"
"1429","EX31 1BQ"
"1430","EX32 0UE"
"1431","EX32 7RB"
"1432","EX31 1PH"
"1433","EX32 0NN"
"1434","EX31 1XZ"
"1435","EX31 1PP"
"1436","EX32 9DG"
"1437","EX32 0EW"
"1438","EX32 0QL"
"1439","EX31 3GE"
"1440","EX32 2BY"
"1441","EX32 0DB"
"1442","EX31 4TE"
"1443","EX32 0TL"
"1444","EX31 3DU"
"1445","EX31 3HY"
"1446","EX32 8RH"
"1447","EX32 8AL"
"1448","EX31 3ES"
"1449","EX31 3NT"
"1450","EX31 3GW"
"1451","EX32 0JR"
"1452","EX32 8HY"
"1453","EX31 4DY"
"1454","EX31 1DH"
"1455","EX32 8QW"
"1456","EX32 7NA"
"1457","EX32 0QG"
"1458","EX32 2BN"
"1459","EX32 9LT"
"1460","EX31 3TW"
"1461","EX32 8NP"
"1462","EX31 2LQ"
"1463","EX31 3SS"
"1464","EX32 0HU"
"1465","EX31 2NF"
"1466","EX31 3BU"
"1467","EX32 2BB"
"1468","EX31 1JN"
"1469","EX32 0WE"
"1470","EX32 9HQ"
"1471","EX31 1HB"
"1472","EX31 3JF"
"1473","EX32 0PY"
"1474","EX32 0PW"
"1475","EX32 7DG"
"1476","EX33 2YX"
"1477","EX31 4JR"
"1478","EX32 8QF"
"1479","EX31 1HP"
"1480","EX31 3UD"
"1481","EX32 7BB"
"1482","EX31 3YA"
"1483","EX32 7LN"
"1484","EX31 2ES"
"1485","EX33 1YS"
"1486","EX32 7PG"
"1487","EX32 7HA"
"1488","EX32 8DA"
"1489","EX32 9DR"
"1490","EX32 2AH"
"1491","EX31 4DX"
"1492","EX31 3JX"
"1493","EX32 9LL"
"1494","EX33 2YE"
"1495","EX32 2AJ"
"1496","EX31 1HB"
"1497","EX31 1LA"
"1498","EX31 3DR"
"1499","EX31 4AH"
"1500","EX31 1JP"
"1501","EX31 3QQ"
"1502","EX31 4RE"
"1503","EX32 8FH"
"1504","EX31 4ET"
"1505","EX32 0JB"
"1506","EX31 1UJ"
"1507","EX32 2FU"
"1508","EX32 9AP"
"1509","EX32 7JR"
"1510","EX32 8QZ"
"1511","EX31 1JZ"
"1512","EX31 4JT"
"1513","EX32 2AX"
"1514","EX32 9EA"
"1515","EX32 9WY"
"1516","EX32 9JG"
"1517","EX32 0PB"
"1518","EX32 2GH"
"1519","EX32 0PQ"
"1520","EX31 3UY"
"1521","EX32 2AR"
"1522","EX31 2DY"
"1523","EX31 3SF"
"1524","EX31 3TN"
"1525","EX31 1HS"
"1526","EX31 1PG"
"1527","EX32 2HX"
"1528","EX32 0YJ"
"1529","EX31 4LD"
"1530","EX31 1JP"
"1531","EX32 7AJ"
"1532","EX31 2WD"
"1533","EX31 2JT"
"1534","EX37 9SA"
"1535","EX32 0HN"
"1536","EX31 4YR"
"1537","EX31 3SE"
"1538","EX32 2EG"
"1539","EX32 0WZ"
"1540","EX32 8DR"
"1541","EX31 4TH"
"1542","EX32 8PT"
"1543","EX32 7ZN"
"1544","EX31 3BL"
"1545","EX31 3BU"
"1546","EX32 7YW"
"1547","EX32 7AB"
"1548","EX31 3RF"
"1549","EX32 2EZ"
"1550","EX32 7NY"
"1551","EX31 2FA"
"1552","EX32 8QW"
"1553","EX32 8YF"
"1554","EX31 3WQ"
"1555","EX32 9HF"
"1556","EX37 9RJ"
"1557","EX32 9HG"
"1558","EX32 0EA"
"1559","EX32 8SA"
"1560","EX31 3DB"
"1561","EX31 3QZ"
"1562","EX31 1PP"
"1563","EX32 0WE"
"1564","EX31 2QB"
"1565","EX32 2ZZ"
"1566","EX31 2LT"
"1567","EX31 1LX"
"1568","EX31 3NU"
"1569","EX31 2HJ"
"1570","EX31 1PF"
"1571","EX31 1RT"
"1572","EX32 9LE"
"1573","EX31 3QW"
"1574","EX31 3WD"
"1575","EX31 2HF"
"1576","EX31 2LP"
"1577","EX31 2AU"
"1578","EX31 1PG"
"1579","EX31 2EQ"
"1580","EX32 7NF"
"1581","EX31 4AH"
"1582","EX31 3TX"
"1583","EX32 0JQ"
"1584","EX31 1BH"
"1585","EX32 2BQ"
"1586","EX32 0NN"
"1587","EX31 2EE"
"1588","EX31 3FP"
"1589","EX32 0NY"
"1590","EX32 9HQ"
"1591","EX31 2PS"
"1592","EX31 4SX"
"1593","EX31 2LN"
"1594","EX31 3TY"
"1595","EX31 4ER"
"1596","EX31 3SE"
"1597","EX31 2YA"
"1598","EX32 7HR"
"1599","EX32 8HH"
"1600","EX32 2JD"
"1601","EX31 3EN"
"1602","EX31 3WZ"
"1603","EX37 9SD"
"1604","EX31 1NF"
"1605","EX31 1LN"
"1606","EX32 7BY"
"1607","EX32 7BY"
"1608","EX32 7ZN"
"1609","EX31 4YW"
"1610","EX31 2DJ"
"1611","EX32 9ED"
"1612","EX31 3XD"
"1613","EX32 7DR"
"1614","EX32 0FH"
"1615","EX31 1QD"
"1616","EX31 1YP"
"1617","EX31 2DN"
"1618","EX32 7NS"
"1619","EX31 2YU"
"1620","EX31 2BN"
"1621","EX31 2DT"
"1622","EX32 2BJ"
"1623","EX32 7DG"
"1624","EX32 8NQ"
"1625","EX31 1LJ"
"1626","EX31 1DD"
"1627","EX31 3GU"
"1628","EX31 1QZ"
"1629","EX31 1ZB"
"1630","EX32 8NE"
"1631","EX31 2PN"
"1632","EX32 2GB"
"1633","EX31 4LS"
"1634","EX31 1LG"
"1635","EX32 9DX"
"1636","EX31 3ET"
"1637","EX31 3YQ"
"1638","EX32 2EH"
"1639","EX31 4TD"
"1640","EX31 1YQ"
"1641","EX31 3AS"
"1642","EX32 9JQ"
"1643","EX32 7BQ"
"1644","EX31 2BL"
"1645","EX37 9RH"
"1646","EX31 2PY"
"1647","EX31 3WS"
"1648","EX31 2LP"
"1649","EX31 3LD"
"1650","EX31 3QF"
"1651","EX31 3BN"
"1652","EX31 3TJ"
"1653","EX32 9HZ"
"1654","EX32 9EE"
"1655","EX32 9BB"
"1656","EX31 1AQ"
"1657","EX31 1SX"
"1658","EX32 8RP"
"1659","EX32 0LE"
"1660","EX32 0NJ"
"1661","EX32 9DE"
"1662","EX31 2YX"
"1663","EX32 8YZ"
"1664","EX32 8LE"
"1665","EX32 0TT"
"1666","EX31 1WZ"
"1667","EX32 0FF"
"1668","EX32 0BA"
"1669","EX31 1GF"
"1670","EX31 1NZ"
"1671","EX32 2EY"
"1672","EX32 9YT"
"1673","EX32 7EE"
"1674","EX31 4EX"
"1675","EX32 0QZ"
"1676","EX31 3TW"
"1677","EX32 9AE"
"1678","EX31 3FT"
"1679","EX32 0QU"
"1680","EX32 7WA"
"1681","EX31 3DY"
"1682","EX32 7JS"
"1683","EX31 3YD"
"1684","EX31 2AR"
"1685","EX32 8AA"
"1686","EX32 7AB"
"1687","EX32 9DR"
"1688","EX32 7LZ"
"1689","EX31 1GD"
"1690","EX32 0JU"
"1691","EX32 0JF"
"1692","EX31 3BR"
"1693","EX31 2QF"
"1694","EX31 4JS"
"1695","EX32 9YH"
"1696","EX32 2FP"
"1697","EX32 7EW"
"1698","EX31 3LE"
"1699","EX31 4SP"
"1700","EX31 4DT"
"1701","EX31 1YU"
"1702","EX31 2PD"
"1703","EX31 3DZ"
"1704","EX31 1RG"
"1705","EX31 1SX"
"1706","EX32 8AF"
"1707","EX31 3PQ"
"1708","EX32 0LS"
"1709","EX31 2LZ"
"1710","EX32 8PN"
"1711","EX31 3GE"
"1712","EX32 2AJ"
"1713","EX31 1QG"
"1714","EX31 2EP"
"1715","EX37 9ZN"
"1716","EX31 3GG"
"1717","EX31 2PA"
"1718","EX33 1XQ"
"1719","EX31 4TA"
"1720","EX32 2DL"
"1721","EX31 1WU"
"1722","EX31 3AP"
"1723","EX32 2FW"
"1724","EX32 0DG"
"1725","EX31 2HG"
"1726","EX32 7AU"
"1727","EX32 7JQ"
"1728","EX31 4YH"
"1729","EX31 3WF"
"1730","EX31 3UT"
"1731","EX31 2LJ"
"1732","EX32 2GA"
"1733","EX32 8QG"
"1734","EX32 8NU"
"1735","EX31 3XY"
"1736","EX32 0ER"
"1737","EX32 7ER"
"1738","EX31 3TB"
"1739","EX32 0ND"
"1740","EX32 0UE"
"1741","EX32 7EL"
"1742","EX31 4AF"
"1743","EX32 2GN"
"1744","EX32 7BU"
"1745","EX32 8QD"
"1746","EX32 7BX"
"1747","EX31 1YD"
"1748","EX32 0HN"
"1749","EX31 1GX"
"1750","EX31 3DU"
"1751","EX31 1DL"
"1752","EX37 9RW"
"1753","EX31 3XB"
"1754","EX31 1QA"
"1755","EX32 8EU"
"1756","EX32 9JG"
"1757","EX32 7JQ"
"1758","EX32 8DX"
"1759","EX37 9RU"
"1760","EX31 3BX"
"1761","EX32 8RG"
"1762","EX32 0PH"
"1763","EX31 1RX"
"1764","EX31 1ES"
"1765","EX32 8DQ"
"1766","EX31 3PF"
"1767","EX31 3TP"
"1768","EX31 4TF"
"1769","EX31 1YP"
"1770","EX32 9ED"
"1771","EX31 3XS"
"1772","EX32 8YX"
"1773","EX31 2LW"
"1774","EX32 2BQ"
"1775","EX33 2YE"
"1776","EX31 3UW"
"1777","EX32 7LZ"
"1778","EX32 8SA"
"1779","EX31 1SL"
"1780","EX32 2EA"
"1781","EX32 7LW"
"1782","EX31 4NU"
"1783","EX32 2DB"
"1784","EX32 9EQ"
"1785","EX37 9ED"
"1786","EX32 8BY"
"1787","EX31 3NR"
"1788","EX32 7HY"
"1789","EX31 3DH"
"1790","EX31 3EB"
"1791","EX32 9ED"
"1792","EX31 3XL"
"1793","EX32 7AT"
"1794","EX31 1TU"
"1795","EX31 3WR"
"1796","EX32 2DP"
"1797","EX32 2HN"
"1798","EX31 3DD"
"1799","EX31 3QW"
"1800","EX31 1RU"
"1801","EX32 7AD"
"1802","EX31 4SA"
"1803","EX32 2BG"
"1804","EX31 3NX"
"1805","EX31 4HY"
"1806","EX31 2BQ"
"1807","EX31 4HS"
"1808","EX32 7AZ"
"1809","EX32 8JA"
"1810","EX32 0JZ"
"1811","EX32 8AG"
"1812","EX32 8QG"
"1813","EX32 9FA"
"1814","EX32 7PB"
"1815","EX32 0LE"
"1816","EX32 9YP"
"1817","EX32 2GY"
"1818","EX31 1ZD"
"1819","EX31 3XF"
"1820","EX31 4YW"
"1821","EX32 7PF"
"1822","EX31 3UY"
"1823","EX31 3WJ"
"1824","EX32 8PJ"
"1825","EX31 2DG"
"1826","EX31 3DA"
"1827","EX31 3JY"
"1828","EX34 9RQ"
"1829","EX32 7YY"
"1830","EX37 9RU"
"1831","EX31 1QA"
"1832","EX31 2BZ"
"1833","EX31 3HW"
"1834","EX32 0HE"
"1835","EX31 4EQ"
"1836","EX31 3QF"
"1837","EX32 9BL"
"1838","EX31 4LX"
"1839","EX32 8NZ"
"1840","EX31 1TR"
"1841","EX32 2BP"
"1842","EX32 8JA"
"1843","EX31 1RT"
"1844","EX32 9AR"
"1845","EX31 1AF"
"1846","EX32 7DZ"
"1847","EX31 1LD"
"1848","EX32 9AB"
"1849","EX32 9EU"
"1850","EX32 0DU"
"1851","EX33 2WZ"
"1852","EX31 3SH"
"1853","EX31 1PU"
"1854","EX32 8HF"
"1855","EX31 4YH"
"1856","EX31 2BJ"
"1857","EX32 8BR"
"1858","EX32 7DN"
"1859","EX32 2SN"
"1860","EX32 0DH"
"1861","EX31 3AP"
"1862","EX31 1WX"
"1863","EX32 0FF"
"1864","EX32 9DU"
"1865","EX31 3QU"
"1866","EX31 4LX"
"1867","EX31 1LR"
"1868","EX31 1AG"
"1869","EX31 3SS"
"1870","EX32 2SN"
"1871","EX31 1PY"
"1872","EX31 3WE"
"1873","EX31 3DY"
"1874","EX31 3JR"
"1875","EX31 4ES"
"1876","EX31 2HA"
"1877","EX31 4RP"
"1878","EX32 2GL"
"1879","EX31 3XA"
"1880","EX31 3TS"
"1881","EX31 2AA"
"1882","EX31 1SP"
"1883","EX32 9EL"
"1884","EX32 7NW"
"1885","EX32 8YR"
"1886","EX32 2HT"
"1887","EX31 2PJ"
"1888","EX32 7RL"
"1889","EX32 8NU"
"1890","EX32 2EW"
"1891","EX32 9YX"
"1892","EX31 3EL"
"1893","EX32 7NA"
"1894","EX31 3XE"
"1895","EX32 0DU"
"1896","EX32 8LE"
"1897","EX32 7WA"
"1898","EX32 7JA"
"1899","EX31 1DH"
"1900","EX31 3JY"
"1901","EX31 2LH"
"1902","EX32 2DA"
"1903","EX32 7NL"
"1904","EX32 0QU"
"1905","EX31 3AS"
"1906","EX31 2DE"
"1907","EX32 2TA"
"1908","EX32 7RG"
"1909","EX31 1SP"
"1910","EX32 9EB"
"1911","EX32 2BU"
"1912","EX31 3TY"
"1913","EX32 7YG"
"1914","EX32 8DQ"
"1915","EX31 4RZ"
"1916","EX31 1QR"
"1917","EX32 0ED"
"1918","EX31 2BP"
"1919","EX31 3FB"
"1920","EX31 1QX"
"1921","EX32 9BW"
"1922","EX31 1QH"
"1923","EX32 0YQ"
"1924","EX32 8QN"
"1925","EX32 0PH"
"1926","EX32 2GY"
"1927","EX31 1RX"
"1928","EX32 2AJ"
"1929","EX31 3SB"
"1930","EX32 9AW"
"1931","EX31 1BT"
"1932","EX31 1QR"
"1933","EX31 2EJ"
"1934","EX31 4DR"
"1935","EX31 1PQ"
"1936","EX32 2AR"
"1937","EX32 7DF"
"1938","EX31 4RP"
"1939","EX32 8BZ"
"1940","EX32 7YL"
"1941","EX31 3WB"
"1942","EX32 8PA"
"1943","EX31 2NH"
"1944","EX31 4JH"
"1945","EX32 9FP"
"1946","EX32 9DA"
"1947","EX31 2WD"
"1948","EX33 2WZ"
"1949","EX33 2ZQ"
"1950","EX31 2BU"
"1951","EX32 0YN"
"1952","EX32 9AD"
"1953","EX31 3UA"
"1954","EX31 1SP"
"1955","EX32 2AT"
"1956","EX32 7EQ"
"1957","EX32 8YF"
"1958","EX31 2BN"
"1959","EX32 0HJ"
"1960","EX31 4HU"
"1961","EX31 3RF"
"1962","EX32 0BR"
"1963","EX31 1JF"
"1964","EX31 1JJ"
"1965","EX32 0JB"
"1966","EX31 1DR"
"1967","EX32 7SB"
"1968","EX32 7NA"
"1969","EX32 8BT"
"1970","EX32 2HT"
"1971","EX32 9EF"
"1972","EX31 3FB"
"1973","EX32 9HZ"
"1974","EX32 0HH"
"1975","EX31 2HS"
"1976","EX32 0WZ"
"1977","EX37 9EB"
"1978","EX32 8ZN"
"1979","EX32 0YY"
"1980","EX31 1BE"
"1981","EX32 7BA"
"1982","EX32 2DT"
"1983","EX31 1SF"
"1984","EX31 1QF"
"1985","EX31 3RA"
"1986","EX31 3DY"
"1987","EX32 2DR"
"1988","EX32 9JE"
"1989","EX31 3JP"
"1990","EX31 2DF"
"1991","EX32 8EY"
"1992","EX31 3SE"
"1993","EX32 2HE"
"1994","EX32 0AP"
"1995","EX31 1YJ"
"1996","EX32 8BZ"
"1997","EX31 2DY"
"1998","EX32 2HW"
"1999","EX32 2TD"
"2000","EX31 2BU"
"2001","EX31 2LG"
"2002","EX31 1YS"
"2003","EX32 9YT"
"2004","EX31 3NT"
"2005","EX31 1LZ"
"2006","EX32 8JW"
"2007","EX31 1LY"
"2008","EX32 9EB"
"2009","EX31 2BW"
"2010","EX32 8DE"
"2011","EX32 7SH"
"2012","EX32 7XN"
"2013","EX31 3JU"
"2014","EX32 9DG"
"2015","EX32 8YP"
"2016","EX31 4YU"
"2017","EX31 3NL"
"2018","EX32 8EU"
"2019","EX32 9JB"
"2020","EX32 0BD"
"2021","EX31 4TD"
"2022","EX32 8PX"
"2023","EX32 0LH"
"2024","EX31 3ZX"
"2025","EX32 2HW"
"2026","EX32 0NY"
"2027","EX31 1HZ"
"2028","EX31 3JY"
"2029","EX31 2NU"
"2030","EX32 9EX"
"2031","EX31 4AQ"
"2032","EX32 9JP"
"2033","EX31 1GG"
"2034","EX32 2EG"
"2035","EX32 9AD"
"2036","EX32 7DT"
"2037","EX32 0PZ"
"2038","EX32 7BS"
"2039","EX31 2PA"
"2040","EX31 2PN"
"2041","EX32 9HB"
"2042","EX32 7DF"
"2043","EX31 3EZ"
"2044","EX31 3RQ"
"2045","EX33 2WZ"
"2046","EX37 9RZ"
"2047","EX32 7PF"
"2048","EX31 1PE"
"2049","EX31 3EY"
"2050","EX32 8WD"
"2051","EX31 2JD"
"2052","EX31 1QB"
"2053","EX31 3DA"
"2054","EX31 4NL"
"2055","EX31 2XN"
"2056","EX32 7HG"
"2057","EX31 2XJ"
"2058","EX31 1PH"
"2059","EX32 2ZZ"
"2060","EX31 3AJ"
"2061","EX31 1HT"
"2062","EX31 3HR"
"2063","EX31 3GP"
"2064","EX31 3YJ"
"2065","EX32 9ET"
"2066","EX32 0LG"
"2067","EX31 1YA"
"2068","EX32 0AA"
"2069","EX32 9DF"
"2070","EX32 9DL"
"2071","EX31 3AS"
"2072","EX32 0PB"
"2073","EX32 9PH"
"2074","EX32 7ES"
"2075","EX32 9HD"
"2076","EX31 3GD"
"2077","EX32 9AA"
"2078","EX32 2AY"
"2079","EX32 2EL"
"2080","EX31 4EU"
"2081","EX32 8FE"
"2082","EX31 4EU"
"2083","EX31 1AS"
"2084","EX31 1QZ"
"2085","EX32 2DU"
"2086","EX31 1SL"
"2087","EX31 4UG"
"2088","EX32 2AQ"
"2089","EX31 3XD"
"2090","EX31 1LA"
"2091","EX31 1RD"
"2092","EX32 7HW"
"2093","EX31 1HY"
"2094","EX32 0YL"
"2095","EX32 8PZ"
"2096","EX31 1ER"
"2097","EX31 3RH"
"2098","EX31 3SG"
"2099","EX31 2YB"
"2100","EX31 3SD"
"2101","EX31 3YT"
"2102","EX32 2AH"
"2103","EX32 0DJ"
"2104","EX31 1JD"
"2105","EX31 3QF"
"2106","EX31 1RF"
"2107","EX31 2HJ"
"2108","EX31 2PR"
"2109","EX31 4JE"
"2110","EX32 0UH"
"2111","EX32 9BG"
"2112","EX32 7NY"
"2113","EX31 2AR"
"2114","EX32 0JY"
"2115","EX31 4RR"
"2116","EX32 2FJ"
"2117","EX32 8JL"
"2118","EX31 2PB"
"2119","EX32 9AX"
"2120","EX31 4ST"
"2121","EX32 7BU"
"2122","EX32 9FF"
"2123","EX32 0HD"
"2124","EX31 1LY"
"2125","EX31 2DZ"
"2126","EX32 8DT"
"2127","EX31 1PN"
"2128","EX32 2AN"
"2129","EX32 8JN"
"2130","EX32 2GT"
"2131","EX32 0JS"
"2132","EX31 3TS"
"2133","EX31 4HR"
"2134","EX31 1SP"
"2135","EX32 0QP"
"2136","EX31 3QU"
"2137","EX31 1TE"
"2138","EX31 1RU"
"2139","EX33 1ZW"
"2140","EX32 0PF"
"2141","EX32 7EF"
"2142","EX32 9JG"
"2143","EX31 2PD"
"2144","EX31 2NB"
"2145","EX31 2EW"
"2146","EX31 3DS"
"2147","EX32 8NE"
"2148","EX31 3NZ"
"2149","EX31 3AB"
"2150","EX31 1YN"
"2151","EX31 4YS"
"2152","EX32 0FA"
"2153","EX31 2PP"
"2154","EX31 1DA"
"2155","EX31 3GQ"
"2156","EX31 3FB"
"2157","EX32 0EL"
"2158","EX31 4HH"
"2159","EX31 4NN"
"2160","EX31 4JE"
"2161","EX31 4HJ"
"2162","EX32 2DZ"
"2163","EX32 0YL"
"2164","EX32 7YP"
"2165","EX31 1DG"
"2166","EX31 2DU"
"2167","EX31 1EA"
"2168","EX31 3XB"
"2169","EX32 8ER"
"2170","EX32 7PG"
"2171","EX31 3UZ"
"2172","EX32 9HR"
"2173","EX31 4DX"
"2174","EX32 0YL"
"2175","EX31 3BR"
"2176","EX32 9PH"
"2177","EX32 7YR"
"2178","EX32 7JD"
"2179","EX31 2PP"
"2180","EX31 4PQ"
"2181","EX32 8LR"
"2182","EX32 7JE"
"2183","EX31 2PF"
"2184","EX32 0WE"
"2185","EX31 1QD"
"2186","EX32 2AW"
"2187","EX31 1SF"
"2188","EX31 4JN"
"2189","EX32 9FP"
"2190","EX32 0YS"
"2191","EX32 9DA"
"2192","EX32 2DW"
"2193","EX32 8BA"
"2194","EX31 4EB"
"2195","EX32 7XP"
"2196","EX31 4NS"
"2197","EX31 3AW"
"2198","EX31 1UL"
"2199","EX32 8NE"
"2200","EX31 3BT"
"2201","EX32 2SA"
"2202","EX32 8AR"
"2203","EX31 3WZ"
"2204","EX31 1UN"
"2205","EX32 7JP"
"2206","EX31 2EH"
"2207","EX32 2BX"
"2208","EX32 7LX"
"2209","EX31 1EB"
"2210","EX31 2LU"
"2211","EX31 2AD"
"2212","EX32 8YR"
"2213","EX32 0BW"
"2214","EX32 2AS"
"2215","EX32 9HT"
"2216","EX31 4HB"
"2217","EX31 3YW"
"2218","EX31 1WY"
"2219","EX32 2AB"
"2220","EX31 3RQ"
"2221","EX31 2AY"
"2222","EX31 3SZ"
"2223","EX31 2LH"
"2224","EX32 7LF"
"2225","EX32 8NF"
"2226","EX31 3UD"
"2227","EX32 0XA"
"2228","EX31 1SG"
"2229","EX31 3HT"
"2230","EX32 7LE"
"2231","EX32 8WG"
"2232","EX31 4JB"
"2233","EX32 2GE"
"2234","EX32 8JR"
"2235","EX32 0WX"
"2236","EX32 2SJ"
"2237","EX31 3DU"
"2238","EX31 4EU"
"2239","EX31 1GB"
"2240","EX31 1RY"
"2241","EX32 0NA"
"2242","EX31 3QU"
"2243","EX31 3GN"
"2244","EX32 8DY"
"2245","EX31 3EE"
"2246","EX31 3UX"
"2247","EX32 7YY"
"2248","EX31 2YD"
"2249","EX32 8DS"
"2250","EX32 2SX"
"2251","EX31 4RZ"
"2252","EX32 2HX"
"2253","EX31 1RR"
"2254","EX31 3BD"
"2255","EX32 8YR"
"2256","EX31 3JG"
"2257","EX31 1PJ"
"2258","EX32 9DP"
"2259","EX31 2JB"
"2260","EX31 4LF"
"2261","EX31 4FN"
"2262","EX32 9PA"
"2263","EX31 4YR"
"2264","EX31 2JP"
"2265","EX31 3RL"
"2266","EX32 8JD"
"2267","EX31 1LE"
"2268","EX32 7JW"
"2269","EX31 1QP"
"2270","EX31 1HS"
"2271","EX32 8BA"
"2272","EX32 8AH"
"2273","EX32 0PA"
"2274","EX32 7YP"
"2275","EX32 9YN"
"2276","EX31 3AD"
"2277","EX31 2YX"
"2278","EX31 4NA"
"2279","EX32 9YL"
"2280","EX32 9BT"
"2281","EX32 2HR"
"2282","EX32 0QJ"
"2283","EX31 1DQ"
"2284","EX33 1YN"
"2285","EX31 2HU"
"2286","EX31 2BT"
"2287","EX31 4YW"
"2288","EX31 2NN"
"2289","EX32 8GW"
"2290","EX32 7EL"
"2291","EX32 0QN"
"2292","EX31 1TB"
"2293","EX32 7AA"
"2294","EX32 8DG"
"2295","EX32 8PD"
"2296","EX31 4JU"
"2297","EX32 8FB"
"2298","EX31 2DS"
"2299","EX31 2LA"
"2300","EX31 3YJ"
"2301","EX31 2PN"
"2302","EX31 3AF"
"2303","EX31 1DG"
"2304","EX32 8HS"
"2305","EX31 3HT"
"2306","EX31 1AB"
"2307","EX31 3RE"
"2308","EX32 8EW"
"2309","EX31 1NN"
"2310","EX31 3DA"
"2311","EX31 3QN"
"2312","EX32 0AX"
"2313","EX31 1BB"
"2314","EX31 4AH"
"2315","EX31 1ED"
"2316","EX32 2DL"
"2317","EX32 0BY"
"2318","EX31 1BB"
"2319","EX31 1RN"
"2320","EX31 1AR"
"2321","EX31 2QB"
"2322","EX32 8FH"
"2323","EX31 1BW"
"2324","EX32 0JR"
"2325","EX31 4JR"
"2326","EX31 1EN"
"2327","EX31 3RB"
"2328","EX32 8BL"
"2329","EX31 2QD"
"2330","EX31 1UW"
"2331","EX31 4RW"
"2332","EX31 2AG"
"2333","EX31 4LD"
"2334","EX31 3SN"
"2335","EX32 9JF"
"2336","EX32 9BL"
"2337","EX31 3YN"
"2338","EX31 3EG"
"2339","EX32 7JB"
"2340","EX31 3GF"
"2341","EX31 4TL"
"2342","EX32 7EZ"
"2343","EX31 2LS"
"2344","EX32 8JB"
"2345","EX31 2ED"
"2346","EX31 1HN"
"2347","EX31 3WG"
"2348","EX31 2JZ"
"2349","EX32 9EB"
"2350","EX32 0UH"
"2351","EX32 2SQ"
"2352","EX32 8QZ"
"2353","EX31 3PF"
"2354","EX31 3EY"
"2355","EX31 3AW"
"2356","EX31 2ZQ"
"2357","EX31 4JB"
"2358","EX32 9FN"
"2359","EX31 2AX"
"2360","EX32 2HN"
"2361","EX32 7EU"
"2362","EX32 8HU"
"2363","EX32 0JQ"
"2364","EX32 7PJ"
"2365","EX31 1DR"
"2366","EX32 0DS"
"2367","EX32 0AH"
"2368","EX32 0DR"
"2369","EX32 7YW"
"2370","EX31 4YQ"
"2371","EX31 1QH"
"2372","EX32 8WD"
"2373","EX31 1DG"
"2374","EX31 1NJ"
"2375","EX32 9JZ"
"2376","EX31 4JY"
"2377","EX31 1BR"
"2378","EX32 8WS"
"2379","EX31 3RQ"
"2380","EX32 2SY"
"2381","EX31 3RZ"
"2382","EX32 7XZ"
"2383","EX31 3GX"
"2384","EX31 1UL"
"2385","EX31 2YW"
"2386","EX31 3BU"
"2387","EX31 1QE"
"2388","EX31 3JB"
"2389","EX31 1HT"
"2390","EX31 2JF"
"2391","EX31 3RZ"
"2392","EX31 3WH"
"2393","EX31 3EF"
"2394","EX31 4HQ"
"2395","EX32 9HN"
"2396","EX31 3TS"
"2397","EX32 7HB"
"2398","EX32 8WE"
"2399","EX31 3JF"
"2400","EX31 2LJ"
"2401","EX31 4NH"
"2402","EX31 2JW"
"2403","EX32 0LY"
"2404","EX32 7RA"
"2405","EX32 0HE"
"2406","EX32 8PN"
"2407","EX32 2DG"
"2408","EX31 3AX"
"2409","EX32 0NH"
"2410","EX32 2SN"
"2411","EX32 0DJ"
"2412","EX32 0LP"
"2413","EX31 1DH"
"2414","EX32 7JE"
"2415","EX32 8ET"
"2416","EX31 2JL"
"2417","EX32 8HS"
"2418","EX31 3GA"
"2419","EX32 8NB"
"2420","EX32 0DT"
"2421","EX31 4HD"
"2422","EX31 3GG"
"2423","EX31 2LY"
"2424","EX31 4AH"
"2425","EX31 4UY"
"2426","EX32 0AY"
"2427","EX31 4YL"
"2428","EX32 8JT"
"2429","EX32 2SW"
"2430","EX32 0DD"
"2431","EX32 0RB"
"2432","EX32 9PD"
"2433","EX32 0PY"
"2434","EX31 3HX"
"2435","EX31 4XQ"
"2436","EX31 4UQ"
"2437","EX37 9RY"
"2438","EX32 7AS"
"2439","EX31 2AP"
"2440","EX32 2EB"
"2441","EX32 8HL"
"2442","EX31 4RU"
"2443","EX31 3YX"
"2444","EX32 0ND"
"2445","EX31 3WT"
"2446","EX31 3AP"
"2447","EX32 9YR"
"2448","EX31 4HE"
"2449","EX32 2BP"
"2450","EX32 0RA"
"2451","EX32 2GS"
"2452","EX31 1PS"
"2453","EX32 8NS"
"2454","EX32 0YQ"
"2455","EX31 2AB"
"2456","EX32 8DY"
"2457","EX32 8BY"
"2458","EX31 2PD"
"2459","EX31 3US"
"2460","EX32 0EL"
"2461","EX31 1ED"
"2462","EX32 8TB"
"2463","EX31 1PP"
"2464","EX32 0DP"
"2465","EX31 3QS"
"2466","EX32 8ZA"
"2467","EX33 2ZQ"
"2468","EX31 4JG"
"2469","EX31 4XQ"
"2470","EX31 1NP"
"2471","EX32 9DW"
"2472","EX31 3QS"
"2473","EX32 9AF"
"2474","EX31 1RP"
"2475","EX31 1RY"
"2476","EX32 0NB"
"2477","EX31 3BR"
"2478","EX32 8QQ"
"2479","EX31 2NW"
"2480","EX31 3BD"
"2481","EX31 2ZQ"
"2482","EX31 3BD"
"2483","EX32 9JW"
"2484","EX32 8HU"
"2485","EX32 7JP"
"2486","EX31 1RN"
"2487","EX31 3EU"
"2488","EX31 4UX"
"2489","EX31 1RR"
"2490","EX32 0JT"
"2491","EX31 3PF"
"2492","EX31 3WZ"
"2493","EX31 4UB"
"2494","EX32 7AY"
"2495","EX32 9HE"
"2496","EX32 0PY"
"2497","EX32 0ER"
"2498","EX32 0UG"
"2499","EX32 8BB"
"2500","EX32 8TA"
"2501","EX32 9LQ"
"2502","EX31 2EA"
"2503","EX31 3JS"
"2504","EX31 1EN"
"2505","EX32 7HL"
"2506","EX31 3GF"
"2507","EX31 3AT"
"2508","EX31 4SN"
"2509","EX32 2EF"
"2510","EX32 8HF"
"2511","EX32 0AS"
"2512","EX31 4DX"
"2513","EX31 1BB"
"2514","EX31 3SH"
"2515","EX31 4UH"
"2516","EX31 2PH"
"2517","EX32 8AP"
"2518","EX32 8BT"
"2519","EX31 1TE"
"2520","EX31 2LA"
"2521","EX31 1PR"
"2522","EX31 2QF"
"2523","EX32 0AP"
"2524","EX32 0PZ"
"2525","EX31 3NP"
"2526","EX32 7AQ"
"2527","EX31 1UP"
"2528","EX32 9JW"
"2529","EX32 0DX"
"2530","EX31 3UW"
"2531","EX31 4HF"
"2532","EX32 2EU"
"2533","EX31 1LZ"
"2534","EX32 8BB"
"2535","EX32 2EL"
"2536","EX31 3BB"
"2537","EX32 2FA"
"2538","EX31 3XP"
"2539","EX32 8JH"
"2540","EX31 1YD"
"2541","EX31 3SL"
"2542","EX32 0NY"
"2543","EX32 2AW"
"2544","EX31 1EF"
"2545","EX32 2DH"
"2546","EX32 7EY"
"2547","EX31 3HD"
"2548","EX32 9BG"
"2549","EX31 3TS"
"2550","EX31 2EW"
"2551","EX32 8AT"
"2552","EX32 8DN"
"2553","EX32 8NG"
"2554","EX32 8JG"
"2555","EX31 1WP"
"2556","EX31 1EL"
"2557","EX32 2DT"
"2558","EX32 9YH"
"2559","EX31 2PH"
"2560","EX31 3DJ"
"2561","EX32 8HP"
"2562","EX31 2YS"
"2563","EX31 2YR"
"2564","EX31 2LG"
"2565","EX32 9BP"
"2566","EX31 2NJ"
"2567","EX33 2YQ"
"2568","EX32 2SH"
"2569","EX32 0AG"
"2570","EX31 1SB"
"2571","EX31 3WX"
"2572","EX32 8YA"
"2573","EX31 3DW"
"2574","EX31 4AT"
"2575","EX31 3HE"
"2576","EX31 4NY"
"2577","EX31 4JF"
"2578","EX31 3SX"
"2579","EX31 4TH"
"2580","EX32 8PL"
"2581","EX32 0RB"
"2582","EX32 0JX"
"2583","EX32 9AR"
"2584","EX32 0NR"
"2585","EX32 8AB"
"2586","EX31 1UF"
"2587","EX31 3EG"
"2588","EX32 2EY"
"2589","EX31 3FX"
"2590","EX31 4AF"
"2591","EX32 8AX"
"2592","EX31 3XG"
"2593","EX33 2WY"
"2594","EX32 7JZ"
"2595","EX31 4SR"
"2596","EX31 4LA"
"2597","EX31 3AR"
"2598","EX31 1WX"
"2599","EX32 7RL"
"2600","EX32 0JY"
"2601","EX31 1TZ"
"2602","EX31 1QF"
"2603","EX31 1RE"
"2604","EX32 8DD"
"2605","EX32 8BJ"
"2606","EX31 1GJ"
"2607","EX32 8LB"
"2608","EX31 1JY"
"2609","EX32 0HT"
"2610","EX37 9DZ"
"2611","EX31 4LT"
"2612","EX31 2HE"
"2613","EX32 2AE"
"2614","EX31 3EH"
"2615","EX31 3BG"
"2616","EX31 1EB"
"2617","EX32 8AB"
"2618","EX32 8DZ"
"2619","EX31 3XH"
"2620","EX32 8HP"
"2621","EX32 9HL"
"2622","EX31 1AJ"
"2623","EX31 2PY"
"2624","EX32 9DH"
"2625","EX31 3TL"
"2626","EX31 4LG"
"2627","EX32 7JB"
"2628","EX31 2AP"
"2629","EX32 0DR"
"2630","EX32 8WB"
"2631","EX31 1BY"
"2632","EX32 8YP"
"2633","EX31 4TJ"
"2634","EX31 1EL"
"2635","EX31 4ND"
"2636","EX31 1BS"
"2637","EX31 3XG"
"2638","EX32 9EA"
"2639","EX31 4AW"
"2640","EX32 8WW"
"2641","EX32 8QP"
"2642","EX32 8BS"
"2643","EX32 0FB"
"2644","EX31 1JH"
"2645","EX31 3AD"
"2646","EX32 8DS"
"2647","EX31 4NF"
"2648","EX31 3BB"
"2649","EX32 8YT"
"2650","EX32 7FE"
"2651","EX32 9HR"
"2652","EX32 8EY"
"2653","EX32 0HQ"
"2654","EX32 7HZ"
"2655","EX32 7HN"
"2656","EX32 0DY"
"2657","EX31 3UT"
"2658","EX32 0BY"
"2659","EX31 1QN"
"2660","EX32 0WD"
"2661","EX31 2HB"
"2662","EX32 2HU"
"2663","EX32 0BX"
"2664","EX31 4SG"
"2665","EX31 4NQ"
"2666","EX32 7NN"
"2667","EX31 2AU"
"2668","EX32 9YT"
"2669","EX32 8DU"
"2670","EX32 7DN"
"2671","EX32 0QJ"
"2672","EX31 4HN"
"2673","EX31 4EY"
"2674","EX32 8JT"
"2675","EX31 1AF"
"2676","EX32 0NQ"
"2677","EX31 4RT"
"2678","EX31 2NN"
"2679","EX31 4LE"
"2680","EX31 2AN"
"2681","EX31 4UH"
"2682","EX32 2AW"
"2683","EX32 7LT"
"2684","EX32 9LW"
"2685","EX31 4NY"
"2686","EX32 0BR"
"2687","EX32 8QP"
"2688","EX32 0RA"
"2689","EX31 4FB"
"2690","EX31 4LB"
"2691","EX31 3DY"
"2692","EX32 8HG"
"2693","EX31 1TB"
"2694","EX32 2AL"
"2695","EX31 3EZ"
"2696","EX31 1RH"
"2697","EX31 4NA"
"2698","EX31 2ES"
"2699","EX32 9BZ"
"2700","EX32 8BR"
"2701","EX31 2WA"
"2702","EX32 0LT"
"2703","EX31 3JW"
"2704","EX32 0BB"
"2705","EX32 8JB"
"2706","EX32 7FA"
"2707","EX32 8RE"
"2708","EX32 0YH"
"2709","EX31 4LN"
"2710","EX32 8PL"
"2711","EX32 7BA"
"2712","EX37 9RY"
"2713","EX32 2AP"
"2714","EX31 4JU"
"2715","EX32 9XZ"
"2716","EX33 2ZQ"
"2717","EX32 7AD"
"2718","EX31 3AF"
"2719","EX32 7YW"
"2720","EX31 4TB"
"2721","EX32 7DB"
"2722","EX31 3FY"
"2723","EX31 3SB"
"2724","EX32 2HT"
"2725","EX31 1PW"
"2726","EX31 3XF"
"2727","EX32 7FY"
"2728","EX32 8DH"
"2729","EX31 2LD"
"2730","EX32 2TL"
"2731","EX32 7BB"
"2732","EX31 1HE"
"2733","EX31 2HB"
"2734","EX31 3XW"
"2735","EX32 2EX"
"2736","EX32 0PZ"
"2737","EX32 0EE"
"2738","EX31 4TX"
"2739","EX31 1BX"
"2740","EX31 1YU"
"2741","EX31 3YA"
"2742","EX33 2YQ"
"2743","EX31 4FU"
"2744","EX32 9AX"
"2745","EX31 4JQ"
"2746","EX32 7ED"
"2747","EX31 3LQ"
"2748","EX31 4RX"
"2749","EX32 0DG"
"2750","EX31 3GD"
"2751","EX31 2DF"
"2752","EX31 2AB"
"2753","EX32 8YH"
"2754","EX32 0PX"
"2755","EX31 4HT"
"2756","EX31 1HE"
"2757","EX31 3UD"
"2758","EX31 3RY"
"2759","EX31 3RS"
"2760","EX32 7HN"
"2761","EX32 7AL"
"2762","EX31 2NP"
"2763","EX32 2SX"
"2764","EX31 3UN"
"2765","EX32 0NE"
"2766","EX31 2DW"
"2767","EX32 8JT"
"2768","EX31 3AD"
"2769","EX31 3EH"
"2770","EX32 2BN"
"2771","EX31 2PS"
"2772","EX31 2LA"
"2773","EX32 0AN"
"2774","EX32 2DB"
"2775","EX32 0QR"
"2776","EX31 3ED"
"2777","EX32 9YL"
"2778","EX31 4HH"
"2779","EX31 1LE"
"2780","EX31 2DW"
"2781","EX32 9JS"
"2782","EX32 8BX"
"2783","EX32 8EF"
"2784","EX32 8AZ"
"2785","EX32 0JG"
"2786","EX32 2SX"
"2787","EX31 3GF"
"2788","EX32 9YJ"
"2789","EX31 1YP"
"2790","EX31 4TB"
"2791","EX33 1YJ"
"2792","EX32 9DS"
"2793","EX31 1WX"
"2794","EX31 2YL"
"2795","EX32 7EU"
"2796","EX32 9BJ"
"2797","EX32 7AR"
"2798","EX33 2YF"
"2799","EX31 1XR"
"2800","EX31 1BY"
"2801","EX31 2BR"
"2802","EX31 1HS"
"2803","EX32 0JR"
"2804","EX31 1SP"
"2805","EX32 0BX"
"2806","EX32 8AB"
"2807","EX31 4LR"
"2808","EX32 2FT"
"2809","EX31 1JZ"
"2810","EX31 1QS"
"2811","EX37 9RZ"
"2812","EX31 3NU"
"2813","EX31 4LJ"
"2814","EX31 4ET"
"2815","EX31 3DB"
"2816","EX31 2YP"
"2817","EX31 3GZ"
"2818","EX31 3AF"
"2819","EX31 4HE"
"2820","EX31 2YN"
"2821","EX32 7BD"
"2822","EX31 1JR"
"2823","EX32 8QP"
"2824","EX31 4RS"
"2825","EX31 2DZ"
"2826","EX32 8DW"
"2827","EX32 9ET"
"2828","EX31 4RW"
"2829","EX31 3QY"
"2830","EX31 4SP"
"2831","EX31 4RP"
"2832","EX31 4LJ"
"2833","EX31 3FN"
"2834","EX31 2JH"
"2835","EX31 1NA"
"2836","EX32 2JD"
"2837","EX31 1UJ"
"2838","EX31 4UB"
"2839","EX32 0FH"
"2840","EX31 4AA"
"2841","EX32 0LG"
"2842","EX32 7XQ"
"2843","EX32 7DZ"
"2844","EX32 7JZ"
"2845","EX32 9BQ"
"2846","EX31 1PT"
"2847","EX31 4EZ"
"2848","EX31 3SJ"
"2849","EX31 4PQ"
"2850","EX32 7ED"
"2851","EX32 8YT"
"2852","EX32 9JH"
"2853","EX32 0AX"
"2854","EX32 2TD"
"2855","EX31 3XJ"
"2856","EX32 8WE"
"2857","EX32 8TB"
"2858","EX31 1ZA"
"2859","EX32 2AW"
"2860","EX32 2BF"
"2861","EX32 0TL"
"2862","EX31 1YJ"
"2863","EX32 9FF"
"2864","EX31 3QP"
"2865","EX32 8EL"
"2866","EX31 3EJ"
"2867","EX32 9BG"
"2868","EX31 4DX"
"2869","EX31 3TP"
"2870","EX31 4NB"
"2871","EX31 2JP"
"2872","EX31 4JY"
"2873","EX32 9EJ"
"2874","EX31 2FA"
"2875","EX32 8JJ"
"2876","EX32 0BN"
"2877","EX32 0JZ"
"2878","EX31 1NY"
"2879","EX32 0AE"
"2880","EX32 7JQ"
"2881","EX32 8NS"
"2882","EX32 7HB"
"2883","EX32 7HB"
"2884","EX32 2BG"
"2885","EX32 0DU"
"2886","EX31 4DZ"
"2887","EX32 8DL"
"2888","EX32 8AQ"
"2889","EX32 7NS"
"2890","EX31 1JW"
"2891","EX32 9FG"
"2892","EX32 7AL"
"2893","EX31 1DL"
"2894","EX31 3AQ"
"2895","EX31 1NX"
"2896","EX32 8AQ"
"2897","EX32 0HP"
"2898","EX32 7DJ"
"2899","EX31 3HR"
"2900","EX32 2FD"
"2901","EX31 1AG"
"2902","EX31 2EG"
"2903","EX31 1DB"
"2904","EX32 9BL"
"2905","EX31 2LL"
"2906","EX31 4HJ"
"2907","EX31 3AH"
"2908","EX31 3DH"
"2909","EX32 2TF"
"2910","EX31 1UL"
"2911","EX31 3WD"
"2912","EX31 3SX"
"2913","EX31 4NE"
"2914","EX32 8BS"
"2915","EX31 3FE"
"2916","EX37 9SB"
"2917","EX31 2FG"
"2918","EX31 1DP"
"2919","EX32 7BH"
"2920","EX32 9EB"
"2921","EX32 8DD"
"2922","EX31 3XJ"
"2923","EX32 0BS"
"2924","EX32 8PS"
"2925","EX32 0QQ"
"2926","EX31 1PF"
"2927","EX32 7HP"
"2928","EX32 0ET"
"2929","EX32 9BA"
"2930","EX32 2FD"
"2931","EX31 2DN"
"2932","EX31 1EW"
"2933","EX31 1ZD"
"2934","EX31 4DN"
"2935","EX31 3SZ"
"2936","EX31 3WF"
"2937","EX32 9LT"
"2938","EX31 4EE"
"2939","EX32 2GZ"
"2940","EX31 3DQ"
"2941","EX31 4TD"
"2942","EX32 8YW"
"2943","EX32 9DF"
"2944","EX31 4JY"
"2945","EX32 9AE"
"2946","EX31 3YP"
"2947","EX32 2AN"
"2948","EX32 0NE"
"2949","EX31 4SG"
"2950","EX32 7HY"
"2951","EX31 3DL"
"2952","EX32 7EB"
"2953","EX31 2NQ"
"2954","EX32 0HY"
"2955","EX31 3RL"
"2956","EX32 8BN"
"2957","EX32 0DG"
"2958","EX31 2JF"
"2959","EX32 7WA"
"2960","EX32 8YH"
"2961","EX32 9EA"
"2962","EX32 8HG"
"2963","EX31 1ZG"
"2964","EX32 8PB"
"2965","EX31 4DX"
"2966","EX31 3NT"
"2967","EX31 3ZX"
"2968","EX31 4NT"
"2969","EX32 8JW"
"2970","EX32 9JZ"
"2971","EX31 1NN"
"2972","EX32 8HP"
"2973","EX32 8HP"
"2974","EX31 1NY"
"2975","EX32 7DX"
"2976","EX32 8RE"
"2977","EX32 8JB"
"2978","EX32 2HH"
"2979","EX31 1AR"
"2980","EX32 9DP"
"2981","EX31 1SE"
"2982","EX32 7XQ"
"2983","EX32 9YN"
"2984","EX31 3RT"
"2985","EX31 1RJ"
"2986","EX31 3GW"
"2987","EX32 9BE"
"2988","EX31 4SE"
"2989","EX31 4LR"
"2990","EX32 8TB"
"2991","EX32 2DL"
"2992","EX32 9BP"
"2993","EX31 1PR"
"2994","EX31 1DZ"
"2995","EX31 2AH"
"2996","EX32 9EU"
"2997","EX33 1ZN"
"2998","EX31 2HL"
"2999","EX32 9ES"
"3000","EX33 1YW"
"3001","EX32 9HA"
"3002","EX31 1GA"
"3003","EX31 4YG"
"3004","EX31 1NY"
"3005","EX31 2HZ"
"3006","EX32 8AQ"
"3007","EX33 2YP"
"3008","EX31 4AW"
"3009","EX31 1JD"
"3010","EX32 7EA"
"3011","EX32 0YR"
"3012","EX31 1GD"
"3013","EX32 0LG"
"3014","EX32 2SL"
"3015","EX31 3WH"
"3016","EX32 0PG"
"3017","EX31 3WH"
"3018","EX31 1WP"
"3019","EX32 8PN"
"3020","EX31 4XQ"
"3021","EX32 0BJ"
"3022","EX31 1EZ"
"3023","EX31 4DP"
"3024","EX32 0JR"
"3025","EX31 3AA"
"3026","EX32 7FA"
"3027","EX31 1RZ"
"3028","EX31 2EL"
"3029","EX32 7HF"
"3030","EX32 7ET"
"3031","EX31 3BR"
"3032","EX31 2FG"
"3033","EX32 0HW"
"3034","EX31 2NZ"
"3035","EX32 2FR"
"3036","EX31 4ER"
"3037","EX31 3JL"
"3038","EX32 9XQ"
"3039","EX32 7WA"
"3040","EX31 3WB"
"3041","EX32 9EA"
"3042","EX31 1TR"
"3043","EX31 4DZ"
"3044","EX31 3XS"
"3045","EX31 3DH"
"3046","EX31 3RY"
"3047","EX32 7EF"
"3048","EX31 1GX"
"3049","EX32 9YS"
"3050","EX31 4JY"
"3051","EX31 2EF"
"3052","EX32 8RD"
"3053","EX32 0JB"
"3054","EX32 7RF"
"3055","EX32 7YY"
"3056","EX32 0LL"
"3057","EX31 3QS"
"3058","EX32 7HD"
"3059","EX32 0NL"
"3060","EX31 4HL"
"3061","EX32 8NL"
"3062","EX32 7BT"
"3063","EX32 0AD"
"3064","EX31 3SP"
"3065","EX31 2PF"
"3066","EX32 8ET"
"3067","EX31 2JX"
"3068","EX32 0PH"
"3069","EX32 7LA"
"3070","EX32 0QE"
"3071","EX31 3QT"
"3072","EX32 9DU"
"3073","EX32 8ND"
"3074","EX31 4TH"
"3075","EX32 8HG"
"3076","EX32 7EL"
"3077","EX32 8AU"
"3078","EX31 4NL"
"3079","EX31 2LE"
"3080","EX31 3QG"
"3081","EX32 7JF"
"3082","EX31 2LL"
"3083","EX31 1DP"
"3084","EX32 7RF"
"3085","EX31 3GP"
"3086","EX32 9BP"
"3087","EX31 2JR"
"3088","EX32 9AN"
"3089","EX34 9RQ"
"3090","EX31 1TB"
"3091","EX32 9FN"
"3092","EX32 0DS"
"3093","EX31 3HD"
"3094","EX31 1GW"
"3095","EX31 1TE"
"3096","EX37 9RW"
"3097","EX32 8LY"
"3098","EX31 1QU"
"3099","EX32 2HH"
"3100","EX32 8HE"
"3101","EX32 7WA"
"3102","EX32 0LT"
"3103","EX32 2FH"
"3104","EX31 3SB"
"3105","EX31 2HN"
"3106","EX31 1ER"
"3107","EX31 3FJ"
"3108","EX32 0YY"
"3109","EX31 1HP"
"3110","EX31 1DL"
"3111","EX31 1TN"
"3112","EX32 8BX"
"3113","EX32 7NP"
"3114","EX31 3RY"
"3115","EX31 2PR"
"3116","EX32 0AT"
"3117","EX31 4RS"
"3118","EX31 2YA"
"3119","EX31 1BL"
"3120","EX32 8AS"
"3121","EX31 4ER"
"3122","EX31 2DL"
"3123","EX32 2BU"
"3124","EX32 7YX"
"3125","EX31 4SU"
"3126","EX37 9EE"
"3127","EX32 7WA"
"3128","EX32 8HT"
"3129","EX32 7ED"
"3130","EX32 9LT"
"3131","EX32 2EU"
"3132","EX32 9EP"
"3133","EX31 3YJ"
"3134","EX32 8PB"
"3135","EX31 3AD"
"3136","EX31 1JH"
"3137","EX32 0YU"
"3138","EX33 2ZW"
"3139","EX32 7HE"
"3140","EX32 2HX"
"3141","EX31 1HN"
"3142","EX31 1NL"
"3143","EX31 1HB"
"3144","EX32 7HS"
"3145","EX32 7DJ"
"3146","EX31 3LG"
"3147","EX32 8WF"
"3148","EX32 0PU"
"3149","EX31 3NT"
"3150","EX31 3AW"
"3151","EX31 3NY"
"3152","EX31 4SU"
"3153","EX31 4TS"
"3154","EX31 2HE"
"3155","EX32 8LU"
"3156","EX31 3XY"
"3157","EX31 2BU"
"3158","EX31 4SH"
"3159","EX31 3XB"
"3160","EX32 2AH"
"3161","EX31 2EY"
"3162","EX31 3GJ"
"3163","EX31 2NH"
"3164","EX31 4LW"
"3165","EX32 8PH"
"3166","EX31 3DD"
"3167","EX31 4TS"
"3168","EX31 4DT"
"3169","EX32 7WX"
"3170","EX31 3FT"
"3171","EX32 9DR"
"3172","EX31 4NE"
"3173","EX32 8PF"
"3174","EX32 9YL"
"3175","EX31 2YP"
"3176","EX32 2SB"
"3177","EX31 3TE"
"3178","EX31 4SU"
"3179","EX31 2HQ"
"3180","EX32 0FF"
"3181","EX31 3DW"
"3182","EX32 8HZ"
"3183","EX31 3YS"
"3184","EX31 1PY"
"3185","EX31 2YY"
"3186","EX32 9AP"
"3187","EX32 2AA"
"3188","EX32 8PB"
"3189","EX32 8ED"
"3190","EX32 0AW"
"3191","EX32 9BY"
"3192","EX32 7HH"
"3193","EX31 1BP"
"3194","EX31 2DT"
"3195","EX31 4NL"
"3196","EX31 3AR"
"3197","EX31 4SY"
"3198","EX31 1DW"
"3199","EX31 3BG"
"3200","EX32 0PA"
"3201","EX32 2FD"
"3202","EX32 9HQ"
"3203","EX31 2EW"
"3204","EX31 2DN"
"3205","EX32 0WY"
"3206","EX31 3HG"
"3207","EX32 2DS"
"3208","EX37 9SB"
"3209","EX31 2EW"
"3210","EX31 1AA"
"3211","EX31 2XJ"
"3212","EX31 2NS"
"3213","EX32 2TH"
"3214","EX32 7YW"
"3215","EX31 1PJ"
"3216","EX31 3FB"
"3217","EX31 1EH"
"3218","EX31 3EF"
"3219","EX32 0LU"
"3220","EX32 8ET"
"3221","EX32 2BR"
"3222","EX31 1DA"
"3223","EX32 9LN"
"3224","EX31 3XF"
"3225","EX32 9HE"
"3226","EX31 4NG"
"3227","EX32 2DG"
"3228","EX32 0HL"
"3229","EX31 4FQ"
"3230","EX32 0BX"
"3231","EX31 3DJ"
"3232","EX31 1RB"
"3233","EX32 8WG"
"3234","EX31 3TF"
"3235","EX31 1PY"
"3236","EX31 2LU"
"3237","EX32 2DB"
"3238","EX32 7JB"
"3239","EX31 4DX"
"3240","EX31 1SB"
"3241","EX32 7ZN"
"3242","EX37 9ED"
"3243","EX31 1QF"
"3244","EX32 2AS"
"3245","EX32 9BX"
"3246","EX31 2ET"
"3247","EX31 4UH"
"3248","EX32 8NN"
"3249","EX31 4JL"
"3250","EX31 3PH"
"3251","EX31 1GH"
"3252","EX31 1TR"
"3253","EX32 8AF"
"3254","EX32 2JD"
"3255","EX32 2AU"
"3256","EX31 2EE"
"3257","EX31 2QE"
"3258","EX31 1DB"
"3259","EX31 4TR"
"3260","EX32 8EY"
"3261","EX32 9LJ"
"3262","EX32 0PP"
"3263","EX31 1BA"
"3264","EX32 8LN"
"3265","EX32 0HP"
"3266","EX32 2DJ"
"3267","EX31 2EQ"
"3268","EX31 3EZ"
"3269","EX31 2EZ"
"3270","EX32 0LA"
"3271","EX31 4JD"
"3272","EX31 1DD"
"3273","EX32 2SU"
"3274","EX32 7YY"
"3275","EX32 0YH"
"3276","EX32 7DQ"
"3277","EX32 7LT"
"3278","EX32 7ER"
"3279","EX31 1EF"
"3280","EX31 3BD"
"3281","EX31 4LF"
"3282","EX31 2DT"
"3283","EX31 3WA"
"3284","EX32 2HN"
"3285","EX32 9HP"
"3286","EX31 2EQ"
"3287","EX31 1PE"
"3288","EX32 9PB"
"3289","EX31 2DF"
"3290","EX32 7BG"
"3291","EX31 4AB"
"3292","EX32 7RD"
"3293","EX31 4RS"
"3294","EX31 4JY"
"3295","EX32 2GA"
"3296","EX32 0UZ"
"3297","EX31 4YX"
"3298","EX31 4YJ"
"3299","EX31 3SS"
"3300","EX32 2BX"
"3301","EX31 4EG"
"3302","EX31 1HT"
"3303","EX31 3HY"
"3304","EX32 2BN"
"3305","EX32 7PH"
"3306","EX31 1JD"
"3307","EX32 7AN"
"3308","EX32 0WY"
"3309","EX32 8WG"
"3310","EX31 1DE"
"3311","EX31 4HZ"
"3312","EX31 1SH"
"3313","EX32 9DB"
"3314","EX31 3BN"
"3315","EX31 4FU"
"3316","EX31 3AG"
"3317","EX32 0JU"
"3318","EX31 1UL"
"3319","EX31 2JS"
"3320","EX32 9DL"
"3321","EX31 2PD"
"3322","EX31 3EP"
"3323","EX32 0QG"
"3324","EX31 1EX"
"3325","EX32 7ED"
"3326","EX31 3AH"
"3327","EX31 4UQ"
"3328","EX31 2DJ"
"3329","EX32 0NS"
"3330","EX31 3XA"
"3331","EX32 7EG"
"3332","EX32 8NY"
"3333","EX31 2DR"
"3334","EX31 2JY"
"3335","EX31 2HX"
"3336","EX31 3HG"
"3337","EX32 7YU"
"3338","EX34 0NX"
"3339","EX32 2GJ"
"3340","EX31 3XW"
"3341","EX31 2DZ"
"3342","EX32 9BJ"
"3343","EX32 8JX"
"3344","EX31 4YU"
"3345","EX31 2JB"
"3346","EX31 4FQ"
"3347","EX32 2AY"
"3348","EX31 1EW"
"3349","EX31 2YJ"
"3350","EX32 7AZ"
"3351","EX32 8EW"
"3352","EX31 2DX"
"3353","EX31 4NG"
"3354","EX32 7AP"
"3355","EX32 2SE"
"3356","EX31 1DA"
"3357","EX31 1RW"
"3358","EX32 2SP"
"3359","EX31 2NS"
"3360","EX32 7EP"
"3361","EX31 3XP"
"3362","EX32 9BZ"
"3363","EX32 9LL"
"3364","EX32 9FL"
"3365","EX32 8AZ"
"3366","EX32 8BH"
"3367","EX31 4HR"
"3368","EX37 9EB"
"3369","EX31 3XA"
"3370","EX32 7JU"
"3371","EX32 7NB"
"3372","EX31 2HR"
"3373","EX31 1LB"
"3374","EX31 1DF"
"3375","EX32 2SX"
"3376","EX32 7HF"
"3377","EX31 4HA"
"3378","EX31 1NB"
"3379","EX31 4TQ"
"3380","EX32 9JR"
"3381","EX31 4LX"
"3382","EX31 1NL"
"3383","EX32 7NG"
"3384","EX31 1SP"
"3385","EX32 0QN"
"3386","EX32 2AB"
"3387","EX31 2LG"
"3388","EX32 9JA"
"3389","EX32 7YJ"
"3390","EX31 1PG"
"3391","EX31 3UU"
"3392","EX31 4LR"
"3393","EX31 4FU"
"3394","EX32 8NF"
"3395","EX37 9EB"
"3396","EX32 7YH"
"3397","EX32 8PA"
"3398","EX32 8AW"
"3399","EX31 1YL"
"3400","EX31 3JP"
"3401","EX31 4HZ"
"3402","EX32 8PT"
"3403","EX31 4LD"
"3404","EX31 4HS"
"3405","EX31 1BQ"
"3406","EX32 2DB"
"3407","EX31 4YH"
"3408","EX31 3GJ"
"3409","EX31 4NQ"
"3410","EX31 4YR"
"3411","EX31 1NJ"
"3412","EX32 8RE"
"3413","EX31 1JH"
"3414","EX31 1QW"
"3415","EX32 0LJ"
"3416","EX31 3SR"
"3417","EX32 8NA"
"3418","EX32 2AW"
"3419","EX31 4JG"
"3420","EX31 3PA"
"3421","EX32 7ES"
"3422","EX31 2FF"
"3423","EX32 7EQ"
"3424","EX31 1UE"
"3425","EX31 3WT"
"3426","EX32 7JB"
"3427","EX32 7YX"
"3428","EX32 0FD"
"3429","EX31 3TH"
"3430","EX31 3TE"
"3431","EX31 3YD"
"3432","EX32 9FD"
"3433","EX32 2AE"
"3434","EX31 1GJ"
"3435","EX32 0QR"
"3436","EX31 4TD"
"3437","EX32 8JG"
"3438","EX32 2SS"
"3439","EX32 0HW"
"3440","EX32 7JS"
"3441","EX31 2DS"
"3442","EX32 7AH"
"3443","EX32 0EQ"
"3444","EX31 3FD"
"3445","EX31 3SD"
"3446","EX32 8HA"
"3447","EX31 1TP"
"3448","EX31 2AH"
"3449","EX32 2BD"
"3450","EX31 1EL"
"3451","EX31 1DD"
"3452","EX32 0HG"
"3453","EX31 4NF"
"3454","EX31 3DY"
"3455","EX32 7AU"
"3456","EX31 1LS"
"3457","EX31 4EB"
"3458","EX31 4UQ"
"3459","EX31 4LQ"
"3460","EX31 1PQ"
"3461","EX31 2DQ"
"3462","EX32 0HR"
"3463","EX31 1XZ"
"3464","EX32 8ND"
"3465","EX31 3YL"
"3466","EX31 3DF"
"3467","EX32 9PA"
"3468","EX32 0QN"
"3469","EX32 2EF"
"3470","EX32 7HQ"
"3471","EX31 2PG"
"3472","EX32 9ED"
"3473","EX31 4YL"
"3474","EX32 0PE"
"3475","EX31 3NU"
"3476","EX32 0DW"
"3477","EX32 8EU"
"3478","EX32 2DH"
"3479","EX31 2AR"
"3480","EX31 1AH"
"3481","EX32 8FF"
"3482","EX32 2EA"
"3483","EX31 3TG"
"3484","EX32 8BA"
"3485","EX32 8DG"
"3486","EX33 2WA"
"3487","EX32 8PN"
"3488","EX32 7DT"
"3489","EX32 7YT"
"3490","EX32 0DW"
"3491","EX31 1GY"
"3492","EX31 4LL"
"3493","EX31 4TG"
"3494","EX32 9LE"
"3495","EX32 7YZ"
"3496","EX31 2LA"
"3497","EX32 2GY"
"3498","EX31 1JW"
"3499","EX31 3UY"
"3500","EX31 1JE"
"3501","EX31 3SG"
"3502","EX31 3EU"
"3503","EX33 1XQ"
"3504","EX31 4TW"
"3505","EX31 4UB"
"3506","EX31 3HS"
"3507","EX32 2BT"
"3508","EX31 4NE"
"3509","EX32 0AL"
"3510","EX32 8ZQ"
"3511","EX32 2GD"
"3512","EX31 4RX"
"3513","EX32 7FB"
"3514","EX31 4AA"
"3515","EX32 0NH"
"3516","EX31 1SH"
"3517","EX31 4UQ"
"3518","EX32 9EN"
"3519","EX31 1SG"
"3520","EX31 2YU"
"3521","EX32 9LD"
"3522","EX31 4TW"
"3523","EX32 7DS"
"3524","EX32 7NB"
"3525","EX31 3SE"
"3526","EX31 2QF"
"3527","EX31 4SZ"
"3528","EX31 1HF"
"3529","EX31 3RB"
"3530","EX31 3BN"
"3531","EX31 2HY"
"3532","EX31 2DD"
"3533","EX32 8AA"
"3534","EX32 0HL"
"3535","EX32 8RZ"
"3536","EX31 1JR"
"3537","EX32 9LW"
"3538","EX37 9YU"
"3539","EX32 2HZ"
"3540","EX32 9FL"
"3541","EX31 2JB"
"3542","EX31 1BB"
"3543","EX32 9HU"
"3544","EX31 4JF"
"3545","EX31 3DZ"
"3546","EX32 2HH"
"3547","EX32 8NU"
"3548","EX31 1NR"
"3549","EX32 2FN"
"3550","EX31 3RY"
"3551","EX31 3HD"
"3552","EX32 0AP"
"3553","EX32 7JN"
"3554","EX31 3XF"
"3555","EX32 7YS"
"3556","EX31 1LA"
"3557","EX31 3BW"
"3558","EX31 1NE"
"3559","EX31 1QF"
"3560","EX32 7HB"
"3561","EX31 2PP"
"3562","EX32 8AW"
"3563","EX32 8LQ"
"3564","EX32 0QD"
"3565","EX31 4HU"
"3566","EX32 0NN"
"3567","EX31 3HE"
"3568","EX32 7AW"
"3569","EX31 3BB"
"3570","EX31 4SL"
"3571","EX33 1ZW"
"3572","EX32 0YL"
"3573","EX31 2DL"
"3574","EX32 0AR"
"3575","EX32 7EF"
"3576","EX31 2EU"
"3577","EX31 1GY"
"3578","EX32 9TJ"
"3579","EX32 0LP"
"3580","EX31 3QP"
"3581","EX32 0DN"
"3582","EX32 9HT"
"3583","EX31 4YU"
"3584","EX31 1RB"
"3585","EX32 8PS"
"3586","EX31 4LX"
"3587","EX31 2HQ"
"3588","EX32 2EB"
"3589","EX32 7NS"
"3590","EX32 9DW"
"3591","EX31 4HL"
"3592","EX32 8JT"
"3593","EX31 3PE"
"3594","EX31 3XF"
"3595","EX31 1HU"
"3596","EX31 3BD"
"3597","EX32 7RE"
"3598","EX31 1JU"
"3599","EX31 1AG"
"3600","EX31 4YP"
"3601","EX33 1ZX"
"3602","EX32 0NE"
"3603","EX31 3FB"
"3604","EX31 2NE"
"3605","EX32 0BW"
"3606","EX31 1DN"
"3607","EX31 3WX"
"3608","EX31 4RU"
"3609","EX32 8YZ"
"3610","EX32 0UF"
"3611","EX32 8HT"
"3612","EX32 8WX"
"3613","EX32 8FH"
"3614","EX31 3XR"
"3615","EX32 9EB"
"3616","EX32 9ZJ"
"3617","EX31 1UB"
"3618","EX31 4AA"
"3619","EX32 8LS"
"3620","EX31 3XL"
"3621","EX31 3DE"
"3622","EX31 3UL"
"3623","EX31 3GZ"
"3624","EX31 2YS"
"3625","EX31 1WA"
"3626","EX31 1DU"
"3627","EX31 2BR"
"3628","EX32 8FA"
"3629","EX31 2NY"
"3630","EX31 3UB"
"3631","EX31 3WD"
"3632","EX32 7EY"
"3633","EX32 8BQ"
"3634","EX32 2AT"
"3635","EX31 3TS"
"3636","EX31 1ZD"
"3637","EX32 2SX"
"3638","EX32 2SN"
"3639","EX31 1EA"
"3640","EX32 7WX"
"3641","EX31 3EW"
"3642","EX31 3UW"
"3643","EX32 8PA"
"3644","EX31 2DW"
"3645","EX31 1RJ"
"3646","EX32 0EH"
"3647","EX31 1LR"
"3648","EX31 1BE"
"3649","EX31 4DR"
"3650","EX32 9JX"
"3651","EX32 0PT"
"3652","EX31 2AE"
"3653","EX31 1TB"
"3654","EX31 3XR"
"3655","EX31 1QJ"
"3656","EX31 1RE"
"3657","EX32 9AW"
"3658","EX32 2GU"
"3659","EX31 1RG"
"3660","EX31 3XY"
"3661","EX31 3HY"
"3662","EX31 4LT"
"3663","EX31 1QD"
"3664","EX32 0FB"
"3665","EX31 3XF"
"3666","EX31 2EB"
"3667","EX31 2PZ"
"3668","EX31 4HY"
"3669","EX31 4RX"
"3670","EX34 0NX"
"3671","EX32 0EE"
"3672","EX31 1RL"
"3673","EX32 7RD"
"3674","EX32 2GP"
"3675","EX32 2DQ"
"3676","EX32 0JX"
"3677","EX32 0JE"
"3678","EX32 7DW"
"3679","EX32 0JX"
"3680","EX32 7DW"
"3681","EX32 2HU"
"3682","EX32 8QF"
"3683","EX32 0QZ"
"3684","EX31 3WP"
"3685","EX31 2DQ"
"3686","EX31 2YA"
"3687","EX31 4TR"
"3688","EX31 3FB"
"3689","EX32 0DJ"
"3690","EX31 4YT"
"3691","EX32 7YT"
"3692","EX31 3NH"
"3693","EX31 3QF"
"3694","EX31 4RH"
"3695","EX31 2SN"
"3696","EX33 2WA"
"3697","EX31 3AG"
"3698","EX31 3SQ"
"3699","EX32 2SQ"
"3700","EX32 2ER"
"3701","EX32 8DR"
"3702","EX32 8PX"
"3703","EX32 0UG"
"3704","EX31 3GH"
"3705","EX33 1ZW"
"3706","EX31 4SA"
"3707","EX32 8ES"
"3708","EX31 3RL"
"3709","EX31 1JJ"
"3710","EX32 7YH"
"3711","EX32 8AJ"
"3712","EX31 4FU"
"3713","EX32 0NL"
"3714","EX31 3GS"
"3715","EX32 8QZ"
"3716","EX32 7BL"
"3717","EX32 8RL"
"3718","EX31 3SU"
"3719","EX32 7DN"
"3720","EX32 0JS"
"3721","EX31 2NE"
"3722","EX32 0BT"
"3723","EX32 7AF"
"3724","EX32 2BS"
"3725","EX32 7NG"
"3726","EX31 3DS"
"3727","EX32 8RD"
"3728","EX31 4JA"
"3729","EX32 9AA"
"3730","EX31 4JZ"
"3731","EX31 4TT"
"3732","EX32 9JF"
"3733","EX32 2HA"
"3734","EX32 2FA"
"3735","EX31 1QE"
"3736","EX32 0HX"
"3737","EX31 3RS"
"3738","EX31 2EW"
"3739","EX32 9XQ"
"3740","EX31 2LW"
"3741","EX31 2YX"
"3742","EX31 2AQ"
"3743","EX31 3BP"
"3744","EX32 8RJ"
"3745","EX31 3SU"
"3746","EX32 8QG"
"3747","EX32 7JG"
"3748","EX31 3SE"
"3749","EX32 0LG"
"3750","EX31 3XR"
"3751","EX32 0PX"
"3752","EX32 8WS"
"3753","EX31 4LS"
"3754","EX31 3QT"
"3755","EX32 8JA"
"3756","EX31 1UL"
"3757","EX32 9DY"
"3758","EX32 2FP"
"3759","EX32 0NF"
"3760","EX33 1XN"
"3761","EX37 9SA"
"3762","EX31 3HZ"
"3763","EX31 4LJ"
"3764","EX32 7EW"
"3765","EX32 8LD"
"3766","EX31 4LW"
"3767","EX31 1GF"
"3768","EX31 3RF"
"3769","EX31 1SJ"
"3770","EX32 8HZ"
"3771","EX31 1XQ"
"3772","EX32 9DN"
"3773","EX31 3FW"
"3774","EX31 2HY"
"3775","EX31 1BX"
"3776","EX31 3NJ"
"3777","EX31 1YJ"
"3778","EX32 7LL"
"3779","EX31 2HD"
"3780","EX31 2EQ"
"3781","EX32 0YR"
"3782","EX31 1EP"
"3783","EX32 0JY"
"3784","EX31 1NP"
"3785","EX31 4LY"
"3786","EX32 2SA"
"3787","EX31 3NT"
"3788","EX31 2YW"
"3789","EX32 2EA"
"3790","EX32 7ZQ"
"3791","EX32 0EQ"
"3792","EX31 3SD"
"3793","EX32 2EE"
"3794","EX31 2AT"
"3795","EX32 0QW"
"3796","EX32 7ED"
"3797","EX32 8ES"
"3798","EX32 8PP"
"3799","EX32 0LB"
"3800","EX32 7EB"
"3801","EX32 8JF"
"3802","EX32 2SA"
"3803","EX32 7JB"
"3804","EX32 8RD"
"3805","EX32 0UZ"
"3806","EX32 0YR"
"3807","EX31 4RS"
"3808","EX31 3WN"
"3809","EX31 4NA"
"3810","EX32 9YX"
"3811","EX31 1HF"
"3812","EX32 0NG"
"3813","EX31 1NP"
"3814","EX31 2DN"
"3815","EX32 7AH"
"3816","EX32 9DT"
"3817","EX31 2JX"
"3818","EX31 3DX"
"3819","EX32 2ST"
"3820","EX31 3QS"
"3821","EX31 4EZ"
"3822","EX37 9RY"
"3823","EX31 2BT"
"3824","EX31 3ES"
"3825","EX32 0EU"
"3826","EX31 3JT"
"3827","EX32 2EJ"
"3828","EX31 1AQ"
"3829","EX32 0BU"
"3830","EX31 2AD"
"3831","EX31 4LS"
"3832","EX32 0BH"
"3833","EX31 3DU"
"3834","EX32 7HG"
"3835","EX31 3XB"
"3836","EX32 7RF"
"3837","EX32 8AJ"
"3838","EX32 8QY"
"3839","EX31 3US"
"3840","EX31 1HF"
"3841","EX32 2BE"
"3842","EX31 1EG"
"3843","EX32 2FW"
"3844","EX32 7XN"
"3845","EX32 0QE"
"3846","EX31 1TN"
"3847","EX32 7DF"
"3848","EX32 7JX"
"3849","EX32 9EF"
"3850","EX37 9ZN"
"3851","EX32 0QU"
"3852","EX32 8QR"
"3853","EX32 7LU"
"3854","EX31 2DS"
"3855","EX32 9EB"
"3856","EX32 7AB"
"3857","EX31 3WG"
"3858","EX32 2TB"
"3859","EX32 8QF"
"3860","EX31 1QA"
"3861","EX32 0DG"
"3862","EX32 2EW"
"3863","EX31 3RX"
"3864","EX32 9FJ"
"3865","EX32 0HX"
"3866","EX32 7EW"
"3867","EX32 0PZ"
"3868","EX31 3BL"
"3869","EX31 3JH"
"3870","EX32 7JJ"
"3871","EX31 4LL"
"3872","EX33 2YP"
"3873","EX31 4RY"
"3874","EX31 1GX"
"3875","EX32 2BF"
"3876","EX32 7BP"
"3877","EX31 4RX"
"3878","EX31 2ET"
"3879","EX31 3GW"
"3880","EX31 3RF"
"3881","EX31 1RF"
"3882","EX31 1RY"
"3883","EX32 9HE"
"3884","EX31 2DX"
"3885","EX31 1RD"
"3886","EX32 7LZ"
"3887","EX31 4UQ"
"3888","EX31 3PD"
"3889","EX32 0LL"
"3890","EX31 2BN"
"3891","EX31 3SQ"
"3892","EX31 2NS"
"3893","EX32 0JY"
"3894","EX31 4TE"
"3895","EX31 2YD"
"3896","EX32 2GD"
"3897","EX32 7AH"
"3898","EX32 8EE"
"3899","EX32 9BA"
"3900","EX31 3RB"
"3901","EX31 1GB"
"3902","EX32 0NJ"
"3903","EX32 7PJ"
"3904","EX32 8EL"
"3905","EX31 4LE"
"3906","EX32 0FD"
"3907","EX31 3XQ"
"3908","EX31 4AP"
"3909","EX32 2DH"
"3910","EX32 7YN"
"3911","EX31 3YR"
"3912","EX33 2YF"
"3913","EX31 3ED"
"3914","EX31 3DJ"
"3915","EX31 4LW"
"3916","EX32 7AY"
"3917","EX31 1HB"
"3918","EX31 3RG"
"3919","EX31 4WW"
"3920","EX32 8WD"
"3921","EX31 2LB"
"3922","EX32 2ZZ"
"3923","EX32 8PY"
"3924","EX31 3DH"
"3925","EX32 2DS"
"3926","EX32 9DT"
"3927","EX31 2PG"
"3928","EX31 3NY"
"3929","EX32 9AZ"
"3930","EX32 8HA"
"3931","EX31 3RH"
"3932","EX31 4SD"
"3933","EX31 4TG"
"3934","EX32 9YR"
"3935","EX31 4RW"
"3936","EX32 0DX"
"3937","EX31 4TH"
"3938","EX32 9DA"
"3939","EX31 2NZ"
"3940","EX32 9DX"
"3941","EX31 1ST"
"3942","EX31 2BT"
"3943","EX32 2GL"
"3944","EX31 4LF"
"3945","EX31 1XJ"
"3946","EX32 8JG"
"3947","EX32 8AD"
"3948","EX31 4FB"
"3949","EX32 9PF"
"3950","EX32 9PA"
"3951","EX32 8AR"
"3952","EX31 3LE"
"3953","EX32 0NZ"
"3954","EX32 2FH"
"3955","EX31 3TT"
"3956","EX32 0HN"
"3957","EX31 3AF"
"3958","EX32 0PN"
"3959","EX31 3ED"
"3960","EX31 4AD"
"3961","EX31 4UG"
"3962","EX31 2LP"
"3963","EX32 9DE"
"3964","EX32 8JY"
"3965","EX32 8DB"
"3966","EX31 3EF"
"3967","EX32 2ST"
"3968","EX31 3QP"
"3969","EX31 1DL"
"3970","EX32 7WX"
"3971","EX31 4EG"
"3972","EX31 2YD"
"3973","EX31 1PS"
"3974","EX31 4TQ"
"3975","EX31 4NZ"
"3976","EX32 2DL"
"3977","EX32 0DJ"
"3978","EX32 8PB"
"3979","EX31 3GF"
"3980","EX31 1LL"
"3981","EX32 0JF"
"3982","EX32 9FB"
"3983","EX31 1TN"
"3984","EX31 4LA"
"3985","EX31 4RN"
"3986","EX32 0LY"
"3987","EX32 8BB"
"3988","EX31 4HG"
"3989","EX32 2FY"
"3990","EX32 9HZ"
"3991","EX32 9JT"
"3992","EX32 0HU"
"3993","EX32 8XJ"
"3994","EX31 2EP"
"3995","EX31 1HA"
"3996","EX32 0DH"
"3997","EX31 1HP"
"3998","EX32 8AZ"
"3999","EX31 2BQ"
"4000","EX32 0LP"
"4001","EX32 0QW"
"4002","EX31 4JX"
"4003","EX32 2GU"
"4004","EX31 1WY"
"4005","EX31 1SA"
"4006","EX31 2HS"
"4007","EX32 8ED"
"4008","EX32 8EU"
"4009","EX31 1HF"
"4010","EX32 0LG"
"4011","EX32 2SH"
"4012","EX31 2LR"
"4013","EX31 3YG"
"4014","EX32 0RA"
"4015","EX32 2EA"
"4016","EX32 8LG"
"4017","EX31 1LH"
"4018","EX31 3YR"
"4019","EX32 0WZ"
"4020","EX32 8YL"
"4021","EX31 2XJ"
"4022","EX31 3YR"
"4023","EX32 2GW"
"4024","EX31 4TJ"
"4025","EX32 2AH"
"4026","EX32 7NJ"
"4027","EX31 4EY"
"4028","EX31 1AS"
"4029","EX32 7EP"
"4030","EX31 1PL"
"4031","EX32 7JE"
"4032","EX31 1XZ"
"4033","EX31 3FY"
"4034","EX31 4SP"
"4035","EX32 0QW"
"4036","EX31 3UR"
"4037","EX31 2EB"
"4038","EX32 2FY"
"4039","EX32 9BR"
"4040","EX31 4NE"
"4041","EX32 9JR"
"4042","EX32 9JH"
"4043","EX32 0FH"
"4044","EX32 0EZ"
"4045","EX32 8DW"
"4046","EX32 0LA"
"4047","EX31 1PU"
"4048","EX32 8BR"
"4049","EX31 2LX"
"4050","EX31 2DH"
"4051","EX31 3XH"
"4052","EX31 3RE"
"4053","EX31 1TU"
"4054","EX32 9JL"
"4055","EX31 2NW"
"4056","EX32 9EE"
"4057","EX32 9EL"
"4058","EX32 0LE"
"4059","EX32 9HJ"
"4060","EX31 3QZ"
"4061","EX32 2HR"
"4062","EX32 2DZ"
"4063","EX32 7EQ"
"4064","EX31 1LJ"
"4065","EX32 7NJ"
"4066","EX37 9EA"
"4067","EX31 3WL"
"4068","EX31 1NB"
"4069","EX32 8YP"
"4070","EX31 4HH"
"4071","EX31 3UB"
"4072","EX31 1TD"
"4073","EX31 1SH"
"4074","EX32 9YR"
"4075","EX31 1QU"
"4076","EX31 1AH"
"4077","EX32 2GF"
"4078","EX32 8PN"
"4079","EX32 8QJ"
"4080","EX31 3LG"
"4081","EX31 4SA"
"4082","EX32 8YH"
"4083","EX31 1EA"
"4084","EX32 7SB"
"4085","EX31 1AE"
"4086","EX31 3PH"
"4087","EX32 2BU"
"4088","EX31 1RJ"
"4089","EX31 3FF"
"4090","EX32 0EU"
"4091","EX31 4DR"
"4092","EX32 9AN"
"4093","EX32 7HZ"
"4094","EX31 4FN"
"4095","EX31 2LS"
"4096","EX32 8DE"
"4097","EX32 2DH"
"4098","EX31 2HL"
"4099","EX31 3AN"
"4100","EX31 2JP"
"4101","EX31 2AJ"
"4102","EX31 2HZ"
"4103","EX32 0EZ"
"4104","EX32 9YX"
"4105","EX31 4EZ"
"4106","EX31 3AP"
"4107","EX31 3DS"
"4108","EX32 0RA"
"4109","EX32 9FG"
"4110","EX31 2YE"
"4111","EX31 1WU"
"4112","EX31 3BU"
"4113","EX31 3HE"
"4114","EX31 3SD"
"4115","EX31 3FN"
"4116","EX32 7DJ"
"4117","EX31 1PX"
"4118","EX31 2DE"
"4119","EX32 9FA"
"4120","EX31 1PD"
"4121","EX32 7XP"
"4122","EX31 3TQ"
"4123","EX31 3AF"
"4124","EX34 0PB"
"4125","EX31 2LB"
"4126","EX31 3DG"
"4127","EX32 7QQ"
"4128","EX31 4ES"
"4129","EX32 2EX"
"4130","EX32 9AR"
"4131","EX32 7NE"
"4132","EX32 7NL"
"4133","EX31 1LD"
"4134","EX32 0NE"
"4135","EX32 2EE"
"4136","EX32 2DF"
"4137","EX31 2AA"
"4138","EX32 7NU"
"4139","EX31 1LS"
"4140","EX31 1UH"
"4141","EX32 9DN"
"4142","EX32 9HS"
"4143","EX31 4RH"
"4144","EX31 3JD"
"4145","EX31 4FQ"
"4146","EX31 3SH"
"4147","EX31 1HQ"
"4148","EX32 8AS"
"4149","EX31 2EZ"
"4150","EX31 4ST"
"4151","EX31 2EP"
"4152","EX32 2EJ"
"4153","EX31 3EA"
"4154","EX31 1NE"
"4155","EX32 7HH"
"4156","EX31 4LF"
"4157","EX32 7RL"
"4158","EX31 1BX"
"4159","EX31 1EF"
"4160","EX31 3XL"
"4161","EX31 1JG"
"4162","EX32 7AG"
"4163","EX31 4JF"
"4164","EX31 2JB"
"4165","EX31 3NP"
"4166","EX34 0NX"
"4167","EX32 0AR"
"4168","EX32 8NT"
"4169","EX32 0PG"
"4170","EX32 0BU"
"4171","EX32 7LU"
"4172","EX32 7AD"
"4173","EX32 8LE"
"4174","EX31 1NW"
"4175","EX32 7AS"
"4176","EX32 7AG"
"4177","EX32 9YY"
"4178","EX32 7LN"
"4179","EX31 1AP"
"4180","EX32 8WE"
"4181","EX31 1AJ"
"4182","EX32 0UE"
"4183","EX32 8EL"
"4184","EX32 7JW"
"4185","EX31 2LU"
"4186","EX31 4HB"
"4187","EX32 7XU"
"4188","EX32 0EQ"
"4189","EX31 3NS"
"4190","EX32 7DW"
"4191","EX31 3BN"
"4192","EX32 2DZ"
"4193","EX32 2AY"
"4194","EX31 3GH"
"4195","EX31 3XP"
"4196","EX32 7YQ"
"4197","EX31 3TU"
"4198","EX31 4FN"
"4199","EX32 0NW"
"4200","EX32 0YW"
"4201","EX31 1YN"
"4202","EX31 3XT"
"4203","EX32 0PQ"
"4204","EX31 4YH"
"4205","EX32 2SQ"
"4206","EX31 3YU"
"4207","EX31 2FD"
"4208","EX31 1QP"
"4209","EX32 8SA"
"4210","EX31 2PT"
"4211","EX32 9ET"
"4212","EX32 9DU"
"4213","EX31 4LU"
"4214","EX31 2HP"
"4215","EX31 1YJ"
"4216","EX31 2NP"
"4217","EX31 1EU"
"4218","EX32 8RA"
"4219","EX32 9BY"
"4220","EX32 8JD"
"4221","EX32 8JU"
"4222","EX32 7YX"
"4223","EX31 2PG"
"4224","EX31 3QS"
"4225","EX32 8AZ"
"4226","EX32 8PN"
"4227","EX31 2DP"
"4228","EX31 4JH"
"4229","EX31 3EP"
"4230","EX32 8RZ"
"4231","EX31 3SH"
"4232","EX31 3QR"
"4233","EX31 3BU"
"4234","EX32 7YU"
"4235","EX31 3YF"
"4236","EX32 0HQ"
"4237","EX32 9JS"
"4238","EX31 3QS"
"4239","EX31 4HQ"
"4240","EX32 0YS"
"4241","EX32 7JR"
"4242","EX32 2AU"
"4243","EX31 1NX"
"4244","EX32 0QL"
"4245","EX32 0NU"
"4246","EX32 9AE"
"4247","EX32 7YG"
"4248","EX32 7DR"
"4249","EX32 2EL"
"4250","EX32 7DR"
"4251","EX32 2HZ"
"4252","EX32 9DD"
"4253","EX32 9EL"
"4254","EX31 2YJ"
"4255","EX31 1NE"
"4256","EX31 1DG"
"4257","EX32 0HY"
"4258","EX32 7LE"
"4259","EX31 3UN"
"4260","EX31 3UT"
"4261","EX32 9AX"
"4262","EX32 8RZ"
"4263","EX32 7NZ"
"4264","EX32 0BU"
"4265","EX32 8NW"
"4266","EX31 2LA"
"4267","EX32 8LF"
"4268","EX31 3DG"
"4269","EX32 8LR"
"4270","EX32 0JQ"
"4271","EX31 2JG"
"4272","EX31 1UG"
"4273","EX32 9DA"
"4274","EX31 3FJ"
"4275","EX31 3DX"
"4276","EX32 8SA"
"4277","EX32 2SQ"
"4278","EX32 2GT"
"4279","EX31 2PR"
"4280","EX32 8PU"
"4281","EX31 3FY"
"4282","EX31 2HT"
"4283","EX32 7YX"
"4284","EX31 3WB"
"4285","EX31 2AH"
"4286","EX31 3FE"
"4287","EX32 2DY"
"4288","EX31 3DE"
"4289","EX32 2TB"
"4290","EX31 3NL"
"4291","EX32 8YT"
"4292","EX31 3WE"
"4293","EX32 2JB"
"4294","EX31 4AF"
"4295","EX31 3UR"
"4296","EX32 8RJ"
"4297","EX32 9WZ"
"4298","EX32 9HQ"
"4299","EX32 9HD"
"4300","EX31 2AZ"
"4301","EX32 0UD"
"4302","EX31 1TB"
"4303","EX32 0BZ"
"4304","EX31 4JY"
"4305","EX32 0DH"
"4306","EX31 1HL"
"4307","EX31 4WW"
"4308","EX32 8QA"
"4309","EX32 2EE"
"4310","EX32 9EN"
"4311","EX37 9RJ"
"4312","EX32 0HF"
"4313","EX31 3BX"
"4314","EX32 8ND"
"4315","EX32 8PG"
"4316","EX31 2PP"
"4317","EX31 4LE"
"4318","EX31 2FA"
"4319","EX32 7PF"
"4320","EX32 2FF"
"4321","EX32 8RP"
"4322","EX31 3YP"
"4323","EX31 1PJ"
"4324","EX31 2EF"
"4325","EX31 1NW"
"4326","EX31 3DF"
"4327","EX32 2BP"
"4328","EX31 1AH"
"4329","EX31 1RP"
"4330","EX31 3SR"
"4331","EX32 2ZZ"
"4332","EX32 8WB"
"4333","EX31 2HY"
"4334","EX31 3JE"
"4335","EX32 8LL"
"4336","EX32 8WB"
"4337","EX31 3DD"
"4338","EX31 3TU"
"4339","EX31 3BW"
"4340","EX31 3BD"
"4341","EX32 7AG"
"4342","EX32 2SS"
"4343","EX31 3NZ"
"4344","EX32 7ZN"
"4345","EX34 9RQ"
"4346","EX32 0PT"
"4347","EX32 7BP"
"4348","EX31 2PL"
"4349","EX31 1GY"
"4350","EX31 1BL"
"4351","EX32 8AY"
"4352","EX31 2ND"
"4353","EX32 2EG"
"4354","EX31 1YS"
"4355","EX31 2AQ"
"4356","EX32 0JD"
"4357","EX32 8HW"
"4358","EX32 7EG"
"4359","EX31 1PL"
"4360","EX32 8JH"
"4361","EX32 2AB"
"4362","EX32 7BZ"
"4363","EX32 8AP"
"4364","EX31 3RZ"
"4365","EX31 1LN"
"4366","EX32 0WE"
"4367","EX31 3AU"
"4368","EX32 8HW"
"4369","EX31 2QD"
"4370","EX32 7EH"
"4371","EX32 8PT"
"4372","EX32 7HN"
"4373","EX31 2LL"
"4374","EX31 1QS"
"4375","EX33 1YJ"
"4376","EX31 1BP"
"4377","EX31 1NZ"
"4378","EX32 8WB"
"4379","EX32 2BW"
"4380","EX32 8JS"
"4381","EX31 4HQ"
"4382","EX31 2NW"
"4383","EX31 3ER"
"4384","EX31 4LN"
"4385","EX31 2FA"
"4386","EX32 0BX"
"4387","EX31 4AL"
"4388","EX32 9DD"
"4389","EX31 4TU"
"4390","EX32 7DG"
"4391","EX32 9DL"
"4392","EX32 0ND"
"4393","EX31 3QW"
"4394","EX31 1DW"
"4395","EX32 0JU"
"4396","EX32 8RA"
"4397","EX32 8AB"
"4398","EX31 3FP"
"4399","EX31 1TT"
"4400","EX32 2BB"
"4401","EX31 1LU"
"4402","EX32 9BL"
"4403","EX32 9ET"
"4404","EX32 7BZ"
"4405","EX31 4YL"
"4406","EX32 0ES"
"4407","EX32 9BG"
"4408","EX31 3FJ"
"4409","EX31 2QD"
"4410","EX31 3AR"
"4411","EX31 3HE"
"4412","EX31 3BW"
"4413","EX31 1ER"
"4414","EX31 4RT"
"4415","EX32 2EN"
"4416","EX32 8ET"
"4417","EX31 2WA"
"4418","EX32 9JU"
"4419","EX31 1UD"
"4420","EX31 1AG"
"4421","EX32 8AN"
"4422","EX32 7BQ"
"4423","EX32 9YL"
"4424","EX31 4NB"
"4425","EX32 2SF"
"4426","EX31 3ED"
"4427","EX37 9RZ"
"4428","EX32 0EF"
"4429","EX32 2AD"
"4430","EX31 3WG"
"4431","EX31 1NF"
"4432","EX31 3UZ"
"4433","EX31 2JA"
"4434","EX32 7LU"
"4435","EX31 4NY"
"4436","EX31 4RT"
"4437","EX32 7PD"
"4438","EX32 0LY"
"4439","EX32 9DR"
"4440","EX32 9AZ"
"4441","EX31 1HH"
"4442","EX31 2YA"
"4443","EX32 0AW"
"4444","EX32 7RD"
"4445","EX32 8YE"
"4446","EX31 3XF"
"4447","EX32 0XA"
"4448","EX31 3RX"
"4449","EX32 9AF"
"4450","EX31 2PH"
"4451","EX31 2BP"
"4452","EX32 8FF"
"4453","EX31 3RH"
"4454","EX32 0EX"
"4455","EX32 2GT"
"4456","EX31 3NU"
"4457","EX32 2HR"
"4458","EX32 9LL"
"4459","EX32 7DL"
"4460","EX32 2GQ"
"4461","EX32 2GA"
"4462","EX32 9ES"
"4463","EX31 3FP"
"4464","EX32 0YP"
"4465","EX32 0NA"
"4466","EX31 1LZ"
"4467","EX32 8EJ"
"4468","EX32 2BH"
"4469","EX32 9YX"
"4470","EX31 3JB"
"4471","EX31 4LF"
"4472","EX31 2JQ"
"4473","EX32 0BP"
"4474","EX32 9HL"
"4475","EX32 2AE"
"4476","EX32 8RH"
"4477","EX32 9YY"
"4478","EX32 0PD"
"4479","EX32 2HE"
"4480","EX31 1UQ"
"4481","EX32 0BS"
"4482","EX32 9ZJ"
"4483","EX31 3BS"
"4484","EX33 2ZX"
"4485","EX32 0AB"
"4486","EX32 8BR"
"4487","EX31 3XE"
"4488","EX32 0DE"
"4489","EX31 1DN"
"4490","EX32 9BS"
"4491","EX31 1DE"
"4492","EX32 2BG"
"4493","EX31 2ZH"
"4494","EX32 0QZ"
"4495","EX32 7JG"
"4496","EX31 3HH"
"4497","EX31 3PD"
"4498","EX31 3JT"
"4499","EX32 2GX"
"4500","EX32 2HA"
"4501","EX31 1NX"
"4502","EX32 2GP"
"4503","EX32 7NA"
"4504","EX31 4ZX"
"4505","EX31 3PA"
"4506","EX31 2DG"
"4507","EX32 9FH"
"4508","EX32 2SE"
"4509","EX32 8PA"
"4510","EX31 3FG"
"4511","EX31 4AW"
"4512","EX31 3YX"
"4513","EX31 3BQ"
"4514","EX31 3FT"
"4515","EX31 1RP"
"4516","EX32 8NW"
"4517","EX32 0FF"
"4518","EX32 9BZ"
"4519","EX31 3NT"
"4520","EX32 7EX"
"4521","EX32 2GE"
"4522","EX31 2DP"
"4523","EX31 4NL"
"4524","EX31 3WZ"
"4525","EX31 3JF"
"4526","EX31 1JG"
"4527","EX32 9FG"
"4528","EX32 8HY"
"4529","EX37 9RH"
"4530","EX32 2EG"
"4531","EX32 8JU"
"4532","EX32 8LS"
"4533","EX32 2AG"
"4534","EX32 7AX"
"4535","EX31 2NS"
"4536","EX32 0QW"
"4537","EX32 8JL"
"4538","EX32 2HR"
"4539","EX32 9YT"
"4540","EX31 3GF"
"4541","EX31 2PA"
"4542","EX32 8JS"
"4543","EX31 2AF"
"4544","EX32 9JR"
"4545","EX31 4TX"
"4546","EX32 0BS"
"4547","EX32 0LU"
"4548","EX31 4ZX"
"4549","EX32 8PE"
"4550","EX32 0YN"
"4551","EX32 7DL"
"4552","EX31 2EQ"
"4553","EX32 0QU"
"4554","EX31 4TE"
"4555","EX31 2PE"
"4556","EX31 2JB"
"4557","EX32 0ED"
"4558","EX32 7BP"
"4559","EX31 4UF"
"4560","EX31 4TQ"
"4561","EX32 9EZ"
"4562","EX32 0RB"
"4563","EX32 7DQ"
"4564","EX32 0PZ"
"4565","EX32 0DP"
"4566","EX31 1SA"
"4567","EX31 3RR"
"4568","EX32 8JE"
"4569","EX32 8ED"
"4570","EX31 2PB"
"4571","EX32 8EU"
"4572","EX31 4LT"
"4573","EX32 9HA"
"4574","EX32 2EY"
"4575","EX31 4HL"
"4576","EX32 2BU"
"4577","EX32 8WB"
"4578","EX32 8RP"
"4579","EX32 8LE"
"4580","EX31 3ED"
"4581","EX31 1QN"
"4582","EX31 2EN"
"4583","EX32 8RH"
"4584","EX32 7DB"
"4585","EX31 1EX"
"4586","EX31 1NL"
"4587","EX32 0DD"
"4588","EX32 0BR"
"4589","EX31 1YF"
"4590","EX31 1QY"
"4591","EX32 2BY"
"4592","EX31 4NL"
"4593","EX32 2SW"
"4594","EX32 0QS"
"4595","EX31 3QW"
"4596","EX31 3XG"
"4597","EX32 8LZ"
"4598","EX31 4NB"
"4599","EX32 2HB"
"4600","EX32 7HS"
"4601","EX31 2LY"
"4602","EX32 0JG"
"4603","EX31 3EA"
"4604","EX32 8BG"
"4605","EX31 3WL"
"4606","EX31 4SU"
"4607","EX32 2GF"
"4608","EX32 7HL"
"4609","EX32 7LR"
"4610","EX32 8BL"
"4611","EX32 7JQ"
"4612","EX31 3SS"
"4613","EX37 9EB"
"4614","EX31 1TB"
"4615","EX31 3WW"
"4616","EX31 3EA"
"4617","EX32 9LH"
"4618","EX32 7EB"
"4619","EX31 3RZ"
"4620","EX32 0QZ"
"4621","EX32 2FG"
"4622","EX31 3TB"
"4623","EX31 2LT"
"4624","EX31 3FD"
"4625","EX32 0QW"
"4626","EX31 1LT"
"4627","EX31 1YR"
"4628","EX31 3GW"
"4629","EX31 4RZ"
"4630","EX31 1BG"
"4631","EX32 9PE"
"4632","EX32 9FN"
"4633","EX32 8EL"
"4634","EX32 8ND"
"4635","EX32 9FL"
"4636","EX31 4EU"
"4637","EX31 1JU"
"4638","EX31 4ZN"
"4639","EX32 0JD"
"4640","EX31 4HA"
"4641","EX31 2HG"
"4642","EX32 0JU"
"4643","EX31 3AS"
"4644","EX31 2HD"
"4645","EX32 9AQ"
"4646","EX31 2HJ"
"4647","EX31 1AL"
"4648","EX31 3UX"
"4649","EX32 7NG"
"4650","EX31 1NP"
"4651","EX31 1SG"
"4652","EX31 1EZ"
"4653","EX31 1UB"
"4654","EX31 1GB"
"4655","EX31 3BR"
"4656","EX32 7AQ"
"4657","EX32 7BQ"
"4658","EX31 2LY"
"4659","EX31 3PH"
"4660","EX31 2QD"
"4661","EX32 7EU"
"4662","EX31 1HT"
"4663","EX31 4FQ"
"4664","EX32 8JX"
"4665","EX32 7RF"
"4666","EX32 7AF"
"4667","EX32 9YL"
"4668","EX31 2DW"
"4669","EX32 9FL"
"4670","EX31 1UF"
"4671","EX32 2HX"
"4672","EX32 8BY"
"4673","EX32 7AJ"
"4674","EX33 2YD"
"4675","EX32 7PD"
"4676","EX31 3WE"
"4677","EX32 0JP"
"4678","EX32 9HF"
"4679","EX32 0PU"
"4680","EX32 0HZ"
"4681","EX32 7ER"
"4682","EX31 4AF"
"4683","EX31 3ET"
"4684","EX31 1HA"
"4685","EX32 9HF"
"4686","EX31 3BB"
"4687","EX32 9DP"
"4688","EX31 2NX"
"4689","EX32 9EJ"
"4690","EX33 2YR"
"4691","EX31 1RX"
"4692","EX32 2DE"
"4693","EX31 4UA"
"4694","EX31 4FQ"
"4695","EX31 3EE"
"4696","EX32 8EL"
"4697","EX31 1BU"
"4698","EX32 7HB"
"4699","EX32 9JN"
"4700","EX31 4LS"
"4701","EX32 9EX"
"4702","EX32 0NB"
"4703","EX31 4TW"
"4704","EX32 9BH"
"4705","EX31 2YA"
"4706","EX31 4FU"
"4707","EX31 3YS"
"4708","EX32 7LL"
"4709","EX32 9BE"
"4710","EX32 0JR"
"4711","EX31 4LS"
"4712","EX31 2DT"
"4713","EX32 9HT"
"4714","EX31 1QT"
"4715","EX31 1ZB"
"4716","EX32 9AA"
"4717","EX31 4HG"
"4718","EX32 8AT"
"4719","EX31 4LF"
"4720","EX31 1QS"
"4721","EX32 8EH"
"4722","EX31 4LB"
"4723","EX32 2FT"
"4724","EX31 3ST"
"4725","EX32 7JP"
"4726","EX31 4SF"
"4727","EX32 8NW"
"4728","EX31 1LS"
"4729","EX31 4LY"
"4730","EX31 3FB"
"4731","EX31 1YW"
"4732","EX32 8AR"
"4733","EX32 2DU"
"4734","EX31 1BT"
"4735","EX32 0LQ"
"4736","EX32 0AA"
"4737","EX32 8YY"
"4738","EX31 1UJ"
"4739","EX31 3AJ"
"4740","EX32 0PA"
"4741","EX31 1DF"
"4742","EX31 2FB"
"4743","EX31 3JR"
"4744","EX31 2JD"
"4745","EX32 8RB"
"4746","EX32 7EE"
"4747","EX31 4EN"
"4748","EX31 1PP"
"4749","EX32 8BZ"
"4750","EX32 9JB"
"4751","EX31 3AZ"
"4752","EX31 1XL"
"4753","EX31 4YJ"
"4754","EX31 1HT"
"4755","EX32 9LJ"
"4756","EX31 4TL"
"4757","EX32 8RJ"
"4758","EX32 2EZ"
"4759","EX32 7LT"
"4760","EX32 0LP"
"4761","EX31 3WG"
"4762","EX32 9ZU"
"4763","EX31 1BT"
"4764","EX31 4WD"
"4765","EX32 7HH"
"4766","EX32 8PG"
"4767","EX32 8GP"
"4768","EX31 3QZ"
"4769","EX32 0BS"
"4770","EX31 4YN"
"4771","EX32 8PQ"
"4772","EX32 9WZ"
"4773","EX31 1NZ"
"4774","EX33 1ZW"
"4775","EX32 8NR"
"4776","EX32 9HP"
"4777","EX31 1DD"
"4778","EX32 0LX"
"4779","EX31 2LL"
"4780","EX31 2AN"
"4781","EX32 9DX"
"4782","EX31 1BN"
"4783","EX31 3XD"
"4784","EX32 8YA"
"4785","EX31 2BY"
"4786","EX31 1UH"
"4787","EX31 4ND"
"4788","EX31 3FP"
"4789","EX32 7RB"
"4790","EX32 8RZ"
"4791","EX31 1QQ"
"4792","EX32 8RG"
"4793","EX32 8TA"
"4794","EX31 3UX"
"4795","EX32 0YJ"
"4796","EX32 2EB"
"4797","EX31 4EB"
"4798","EX32 8WS"
"4799","EX31 4AT"
"4800","EX32 9DF"
"4801","EX31 2ED"
"4802","EX31 1RS"
"4803","EX32 8YA"
"4804","EX31 3GJ"
"4805","EX31 3AX"
"4806","EX32 2EE"
"4807","EX32 2FS"
"4808","EX32 9DE"
"4809","EX32 0DL"
"4810","EX33 1ZW"
"4811","EX31 4HL"
"4812","EX32 2DD"
"4813","EX31 4EU"
"4814","EX31 2YR"
"4815","EX32 2TE"
"4816","EX31 3BG"
"4817","EX34 9RQ"
"4818","EX31 2HJ"
"4819","EX32 0YU"
"4820","EX31 1LP"
"4821","EX31 3ZX"
"4822","EX31 3QF"
"4823","EX31 3GP"
"4824","EX31 3PB"
"4825","EX32 2SQ"
"4826","EX31 1YA"
"4827","EX32 9DL"
"4828","EX31 1HR"
"4829","EX31 1TR"
"4830","EX31 3YA"
"4831","EX31 2QA"
"4832","EX31 3HF"
"4833","EX32 0QZ"
"4834","EX32 2FJ"
"4835","EX31 2LZ"
"4836","EX31 4SP"
"4837","EX31 1AD"
"4838","EX31 4SP"
"4839","EX31 1DH"
"4840","EX31 1XR"
"4841","EX32 2SF"
"4842","EX32 9YW"
"4843","EX31 1WP"
"4844","EX31 3YF"
"4845","EX31 1PW"
"4846","EX37 9SB"
"4847","EX31 3QQ"
"4848","EX31 1PL"
"4849","EX32 9ED"
"4850","EX32 0ET"
"4851","EX31 1BB"
"4852","EX31 3GZ"
"4853","EX31 3HW"
"4854","EX32 7JT"
"4855","EX31 3AS"
"4856","EX32 0JS"
"4857","EX31 4ZX"
"4858","EX31 3WN"
"4859","EX32 9BJ"
"4860","EX32 2FA"
"4861","EX32 0BL"
"4862","EX31 4TY"
"4863","EX31 4SS"
"4864","EX31 1BA"
"4865","EX32 0PG"
"4866","EX32 2EH"
"4867","EX32 9DQ"
"4868","EX32 0YU"
"4869","EX31 2NS"
"4870","EX32 9LG"
"4871","EX32 8ZU"
"4872","EX31 2PJ"
"4873","EX31 1LZ"
"4874","EX32 0JE"
"4875","EX32 2DG"
"4876","EX32 8AT"
"4877","EX31 4YU"
"4878","EX31 4WW"
"4879","EX32 0RA"
"4880","EX32 8HS"
"4881","EX32 8RG"
"4882","EX32 8LH"
"4883","EX32 7HG"
"4884","EX31 1LJ"
"4885","EX31 3FN"
"4886","EX31 2JZ"
"4887","EX32 8EA"
"4888","EX32 7NR"
"4889","EX32 7NE"
"4890","EX32 2BY"
"4891","EX34 0NX"
"4892","EX31 1ET"
"4893","EX32 0DF"
"4894","EX32 8BN"
"4895","EX31 2HN"
"4896","EX32 9FQ"
"4897","EX32 2EU"
"4898","EX31 1RG"
"4899","EX31 1GZ"
"4900","EX32 9FE"
"4901","EX31 1RR"
"4902","EX31 2YD"
"4903","EX31 2FB"
"4904","EX31 4JG"
"4905","EX31 2DP"
"4906","EX32 7RA"
"4907","EX31 2AG"
"4908","EX31 1SA"
"4909","EX31 1BY"
"4910","EX31 1QR"
"4911","EX32 2BW"
"4912","EX32 9HW"
"4913","EX32 8EX"
"4914","EX32 9DL"
"4915","EX31 2ED"
"4916","EX32 8HA"
"4917","EX32 8RE"
"4918","EX33 1YP"
"4919","EX31 1PG"
"4920","EX31 4SL"
"4921","EX32 0YW"
"4922","EX31 3PQ"
"4923","EX37 9SG"
"4924","EX31 2DN"
"4925","EX31 1XR"
"4926","EX32 9JH"
"4927","EX31 4WX"
"4928","EX31 1TG"
"4929","EX31 1SE"
"4930","EX32 0AU"
"4931","EX31 3JP"
"4932","EX32 9YX"
"4933","EX32 8NJ"
"4934","EX32 9JR"
"4935","EX31 4SD"
"4936","EX32 2FT"
"4937","EX31 1RP"
"4938","EX31 4SG"
"4939","EX31 4LZ"
"4940","EX32 0QF"
"4941","EX31 2ER"
"4942","EX31 3JT"
"4943","EX31 3HW"
"4944","EX32 0EN"
"4945","EX31 2AE"
"4946","EX32 0LW"
"4947","EX32 7LZ"
"4948","EX31 4RS"
"4949","EX32 7HG"
"4950","EX32 0WD"
"4951","EX32 8JH"
"4952","EX32 8LJ"
"4953","EX31 3UR"
"4954","EX32 8TB"
"4955","EX32 8EN"
"4956","EX32 7NZ"
"4957","EX31 3SR"
"4958","EX31 3PF"
"4959","EX32 8ET"
"4960","EX31 1SQ"
"4961","EX31 3GT"
"4962","EX31 3AX"
"4963","EX32 8YL"
"4964","EX32 2SA"
"4965","EX32 0HP"
"4966","EX31 4NY"
"4967","EX32 2TF"
"4968","EX32 2TA"
"4969","EX32 0DW"
"4970","EX32 8RR"
"4971","EX32 8AH"
"4972","EX31 3SH"
"4973","EX31 2AJ"
"4974","EX32 7JP"
"4975","EX32 9DP"
"4976","EX31 2EH"
"4977","EX32 8JW"
"4978","EX32 8BA"
"4979","EX31 3SU"
"4980","EX31 2NE"
"4981","EX31 2EX"
"4982","EX32 8ND"
"4983","EX32 2SW"
"4984","EX32 8BS"
"4985","EX32 7LG"
"4986","EX32 7XZ"
"4987","EX31 1NW"
"4988","EX32 8BD"
"4989","EX32 0DT"
"4990","EX31 1TP"
"4991","EX32 2SF"
"4992","EX31 1EP"
"4993","EX37 9DZ"
"4994","EX31 3GA"
"4995","EX32 0NW"
"4996","EX31 3FB"
"4997","EX32 8JB"
"4998","EX32 2HJ"
"4999","EX32 7NZ"
"5000","EX32 0AQ"
